year,generation_count,valid_days,annual_dd,model,ssp,lon,lat,period
2004,4.0,365,2754.7499,TaiESM1,ssp245,121.53,25.02,historical
2005,4.0,365,2890.6564,TaiESM1,ssp245,121.53,25.02,historical
2006,4.0,365,2698.8641999999995,TaiESM1,ssp245,121.53,25.02,historical
2007,4.0,365,2811.8786,TaiESM1,ssp245,121.53,25.02,historical
2008,4.0,365,3185.3565,TaiESM1,ssp245,121.53,25.02,historical
2009,4.0,365,2717.5872,TaiESM1,ssp245,121.53,25.02,historical
2010,4.0,365,2790.1185,TaiESM1,ssp245,121.53,25.02,historical
2011,4.0,365,2685.7441,TaiESM1,ssp245,121.53,25.02,historical
2012,4.0,365,2954.0900999999994,TaiESM1,ssp245,121.53,25.02,historical
2013,4.0,365,2889.3016,TaiESM1,ssp245,121.53,25.02,historical
2014,4.0,365,2793.525,TaiESM1,ssp245,121.53,25.02,historical
2015,,0,,TaiESM1,ssp245,121.53,25.02,future
2016,,0,,TaiESM1,ssp245,121.53,25.02,future
2017,,0,,TaiESM1,ssp245,121.53,25.02,future
2018,,0,,TaiESM1,ssp245,121.53,25.02,future
2019,,0,,TaiESM1,ssp245,121.53,25.02,future
2020,,0,,TaiESM1,ssp245,121.53,25.02,future
2021,,0,,TaiESM1,ssp245,121.53,25.02,future
2022,4.0,365,2996.2524,TaiESM1,ssp245,121.53,25.02,future
2023,4.0,365,2968.7664999999997,TaiESM1,ssp245,121.53,25.02,future
2024,5.0,365,3262.3329999999996,TaiESM1,ssp245,121.53,25.02,future
2025,4.0,365,3041.85,TaiESM1,ssp245,121.53,25.02,future
2026,4.0,365,2982.4727000000003,TaiESM1,ssp245,121.53,25.02,future
2027,4.0,365,2776.6716,TaiESM1,ssp245,121.53,25.02,future
2028,4.0,365,3041.1468999999997,TaiESM1,ssp245,121.53,25.02,future
2029,4.0,365,2783.4622,TaiESM1,ssp245,121.53,25.02,future
2030,5.0,365,3301.6273,TaiESM1,ssp245,121.53,25.02,future
2031,4.0,365,3240.0929,TaiESM1,ssp245,121.53,25.02,future
2032,4.0,365,2805.3138,TaiESM1,ssp245,121.53,25.02,future
2033,4.0,365,3070.6854,TaiESM1,ssp245,121.53,25.02,future
2034,5.0,365,3520.4056,TaiESM1,ssp245,121.53,25.02,future
2004,4.0,365,2754.7499,TaiESM1,ssp370,121.53,25.02,historical
2005,4.0,365,2890.6564,TaiESM1,ssp370,121.53,25.02,historical
2006,4.0,365,2698.8641999999995,TaiESM1,ssp370,121.53,25.02,historical
2007,4.0,365,2811.8786,TaiESM1,ssp370,121.53,25.02,historical
2008,4.0,365,3185.3565,TaiESM1,ssp370,121.53,25.02,historical
2009,4.0,365,2717.5872,TaiESM1,ssp370,121.53,25.02,historical
2010,4.0,365,2790.1185,TaiESM1,ssp370,121.53,25.02,historical
2011,4.0,365,2685.7441,TaiESM1,ssp370,121.53,25.02,historical
2012,4.0,365,2954.0900999999994,TaiESM1,ssp370,121.53,25.02,historical
2013,4.0,365,2889.3016,TaiESM1,ssp370,121.53,25.02,historical
2014,4.0,365,2793.525,TaiESM1,ssp370,121.53,25.02,historical
2015,,0,,TaiESM1,ssp370,121.53,25.02,future
2016,,0,,TaiESM1,ssp370,121.53,25.02,future
2017,,0,,TaiESM1,ssp370,121.53,25.02,future
2018,,0,,TaiESM1,ssp370,121.53,25.02,future
2019,,0,,TaiESM1,ssp370,121.53,25.02,future
2020,,0,,TaiESM1,ssp370,121.53,25.02,future
2021,,0,,TaiESM1,ssp370,121.53,25.02,future
2022,,0,,TaiESM1,ssp370,121.53,25.02,future
2023,,0,,TaiESM1,ssp370,121.53,25.02,future
2024,4.0,365,3191.7373,TaiESM1,ssp370,121.53,25.02,future
2025,4.0,365,3049.0205,TaiESM1,ssp370,121.53,25.02,future
2026,4.0,365,3001.5014,TaiESM1,ssp370,121.53,25.02,future
2027,4.0,365,3032.7828999999997,TaiESM1,ssp370,121.53,25.02,future
2028,4.0,365,3239.1476000000002,TaiESM1,ssp370,121.53,25.02,future
2029,4.0,365,2843.7787,TaiESM1,ssp370,121.53,25.02,future
2030,4.0,365,3186.5948,TaiESM1,ssp370,121.53,25.02,future
2031,4.0,365,3032.4483999999998,TaiESM1,ssp370,121.53,25.02,future
2032,4.0,365,2937.9237999999996,TaiESM1,ssp370,121.53,25.02,future
2033,4.0,365,2878.7081,TaiESM1,ssp370,121.53,25.02,future
2034,4.0,365,2799.9930999999997,TaiESM1,ssp370,121.53,25.02,future
2004,4.0,365,2754.7499,TaiESM1,ssp585,121.53,25.02,historical
2005,4.0,365,2890.6564,TaiESM1,ssp585,121.53,25.02,historical
2006,4.0,365,2698.8641999999995,TaiESM1,ssp585,121.53,25.02,historical
2007,4.0,365,2811.8786,TaiESM1,ssp585,121.53,25.02,historical
2008,4.0,365,3185.3565,TaiESM1,ssp585,121.53,25.02,historical
2009,4.0,365,2717.5872,TaiESM1,ssp585,121.53,25.02,historical
2010,4.0,365,2790.1185,TaiESM1,ssp585,121.53,25.02,historical
2011,4.0,365,2685.7441,TaiESM1,ssp585,121.53,25.02,historical
2012,4.0,365,2954.0900999999994,TaiESM1,ssp585,121.53,25.02,historical
2013,4.0,365,2889.3016,TaiESM1,ssp585,121.53,25.02,historical
2014,4.0,365,2793.525,TaiESM1,ssp585,121.53,25.02,historical
2015,,0,,TaiESM1,ssp585,121.53,25.02,future
2016,,0,,TaiESM1,ssp585,121.53,25.02,future
2017,,0,,TaiESM1,ssp585,121.53,25.02,future
2018,,0,,TaiESM1,ssp585,121.53,25.02,future
2019,4.0,365,3010.0009999999997,TaiESM1,ssp585,121.53,25.02,future
2020,4.0,365,2946.0191999999997,TaiESM1,ssp585,121.53,25.02,future
2021,4.0,365,2783.9019,TaiESM1,ssp585,121.53,25.02,future
2022,4.0,365,2829.5011000000004,TaiESM1,ssp585,121.53,25.02,future
2023,4.0,365,3243.7077,TaiESM1,ssp585,121.53,25.02,future
2024,5.0,365,3288.6483,TaiESM1,ssp585,121.53,25.02,future
2025,4.0,365,3152.8728,TaiESM1,ssp585,121.53,25.02,future
2026,4.0,365,2725.6616,TaiESM1,ssp585,121.53,25.02,future
2027,5.0,365,3359.2893999999997,TaiESM1,ssp585,121.53,25.02,future
2028,4.0,365,3145.7916,TaiESM1,ssp585,121.53,25.02,future
2029,5.0,365,3391.7263999999996,TaiESM1,ssp585,121.53,25.02,future
2030,4.0,365,3170.492,TaiESM1,ssp585,121.53,25.02,future
2031,4.0,365,3025.5355,TaiESM1,ssp585,121.53,25.02,future
2032,4.0,365,2922.8874,TaiESM1,ssp585,121.53,25.02,future
2033,5.0,365,3292.2936,TaiESM1,ssp585,121.53,25.02,future
2034,5.0,365,3312.8544,TaiESM1,ssp585,121.53,25.02,future
2004,4.0,365,2923.1185,ACCESS-CM2,ssp245,121.53,25.02,historical
2005,4.0,365,2605.4988,ACCESS-CM2,ssp245,121.53,25.02,historical
2006,4.0,365,3131.8183,ACCESS-CM2,ssp245,121.53,25.02,historical
2007,4.0,365,2672.0206,ACCESS-CM2,ssp245,121.53,25.02,historical
2008,4.0,365,2900.7902999999997,ACCESS-CM2,ssp245,121.53,25.02,historical
2009,4.0,365,2912.1848,ACCESS-CM2,ssp245,121.53,25.02,historical
2010,4.0,365,2900.3049,ACCESS-CM2,ssp245,121.53,25.02,historical
2011,4.0,365,2719.9645000000005,ACCESS-CM2,ssp245,121.53,25.02,historical
2012,4.0,365,2946.6929,ACCESS-CM2,ssp245,121.53,25.02,historical
2013,4.0,365,2858.329,ACCESS-CM2,ssp245,121.53,25.02,historical
2014,4.0,365,2888.0176,ACCESS-CM2,ssp245,121.53,25.02,historical
2015,,0,,ACCESS-CM2,ssp245,121.53,25.02,future
2016,,0,,ACCESS-CM2,ssp245,121.53,25.02,future
2017,,0,,ACCESS-CM2,ssp245,121.53,25.02,future
2018,,0,,ACCESS-CM2,ssp245,121.53,25.02,future
2019,4.0,365,2907.3104999999996,ACCESS-CM2,ssp245,121.53,25.02,future
2020,4.0,365,3115.5697999999998,ACCESS-CM2,ssp245,121.53,25.02,future
2021,4.0,365,3078.8338999999996,ACCESS-CM2,ssp245,121.53,25.02,future
2022,4.0,365,3108.0705,ACCESS-CM2,ssp245,121.53,25.02,future
2023,4.0,365,2979.9515,ACCESS-CM2,ssp245,121.53,25.02,future
2024,4.0,365,2912.8884,ACCESS-CM2,ssp245,121.53,25.02,future
2025,4.0,365,3207.0193,ACCESS-CM2,ssp245,121.53,25.02,future
2026,4.0,365,3082.6331999999998,ACCESS-CM2,ssp245,121.53,25.02,future
2027,5.0,365,3293.6209,ACCESS-CM2,ssp245,121.53,25.02,future
2028,5.0,365,3254.1602999999996,ACCESS-CM2,ssp245,121.53,25.02,future
2029,5.0,365,3536.5187,ACCESS-CM2,ssp245,121.53,25.02,future
2030,5.0,365,3275.3943999999997,ACCESS-CM2,ssp245,121.53,25.02,future
2031,4.0,365,3154.6616999999997,ACCESS-CM2,ssp245,121.53,25.02,future
2032,4.0,365,3078.3005999999996,ACCESS-CM2,ssp245,121.53,25.02,future
2033,4.0,365,3053.2039999999997,ACCESS-CM2,ssp245,121.53,25.02,future
2034,5.0,365,3300.9894999999997,ACCESS-CM2,ssp245,121.53,25.02,future
2004,4.0,365,2923.1185,ACCESS-CM2,ssp370,121.53,25.02,historical
2005,4.0,365,2605.4988,ACCESS-CM2,ssp370,121.53,25.02,historical
2006,4.0,365,3131.8183,ACCESS-CM2,ssp370,121.53,25.02,historical
2007,4.0,365,2672.0206,ACCESS-CM2,ssp370,121.53,25.02,historical
2008,4.0,365,2900.7902999999997,ACCESS-CM2,ssp370,121.53,25.02,historical
2009,4.0,365,2912.1848,ACCESS-CM2,ssp370,121.53,25.02,historical
2010,4.0,365,2900.3049,ACCESS-CM2,ssp370,121.53,25.02,historical
2011,4.0,365,2719.9645000000005,ACCESS-CM2,ssp370,121.53,25.02,historical
2012,4.0,365,2946.6929,ACCESS-CM2,ssp370,121.53,25.02,historical
2013,4.0,365,2858.329,ACCESS-CM2,ssp370,121.53,25.02,historical
2014,4.0,365,2888.0176,ACCESS-CM2,ssp370,121.53,25.02,historical
2015,,0,,ACCESS-CM2,ssp370,121.53,25.02,future
2016,,0,,ACCESS-CM2,ssp370,121.53,25.02,future
2017,,0,,ACCESS-CM2,ssp370,121.53,25.02,future
2018,5.0,365,3258.0447999999997,ACCESS-CM2,ssp370,121.53,25.02,future
2019,4.0,365,2859.1943,ACCESS-CM2,ssp370,121.53,25.02,future
2020,4.0,365,2953.1844,ACCESS-CM2,ssp370,121.53,25.02,future
2021,4.0,365,2760.4654,ACCESS-CM2,ssp370,121.53,25.02,future
2022,4.0,365,3050.7958,ACCESS-CM2,ssp370,121.53,25.02,future
2023,5.0,365,3336.6461,ACCESS-CM2,ssp370,121.53,25.02,future
2024,4.0,365,2920.9223,ACCESS-CM2,ssp370,121.53,25.02,future
2025,4.0,365,2630.0296,ACCESS-CM2,ssp370,121.53,25.02,future
2026,4.0,365,3222.5172,ACCESS-CM2,ssp370,121.53,25.02,future
2027,4.0,365,3096.0933999999997,ACCESS-CM2,ssp370,121.53,25.02,future
2028,5.0,365,3277.2069,ACCESS-CM2,ssp370,121.53,25.02,future
2029,4.0,365,3214.1781,ACCESS-CM2,ssp370,121.53,25.02,future
2030,4.0,365,3227.0111999999995,ACCESS-CM2,ssp370,121.53,25.02,future
2031,5.0,365,3272.7461,ACCESS-CM2,ssp370,121.53,25.02,future
2032,5.0,365,3284.9023,ACCESS-CM2,ssp370,121.53,25.02,future
2033,5.0,365,3554.8203999999996,ACCESS-CM2,ssp370,121.53,25.02,future
2034,5.0,365,3305.2869,ACCESS-CM2,ssp370,121.53,25.02,future
2004,4.0,365,2923.1185,ACCESS-CM2,ssp585,121.53,25.02,historical
2005,4.0,365,2605.4988,ACCESS-CM2,ssp585,121.53,25.02,historical
2006,4.0,365,3131.8183,ACCESS-CM2,ssp585,121.53,25.02,historical
2007,4.0,365,2672.0206,ACCESS-CM2,ssp585,121.53,25.02,historical
2008,4.0,365,2900.7902999999997,ACCESS-CM2,ssp585,121.53,25.02,historical
2009,4.0,365,2912.1848,ACCESS-CM2,ssp585,121.53,25.02,historical
2010,4.0,365,2900.3049,ACCESS-CM2,ssp585,121.53,25.02,historical
2011,4.0,365,2719.9645000000005,ACCESS-CM2,ssp585,121.53,25.02,historical
2012,4.0,365,2946.6929,ACCESS-CM2,ssp585,121.53,25.02,historical
2013,4.0,365,2858.329,ACCESS-CM2,ssp585,121.53,25.02,historical
2014,4.0,365,2888.0176,ACCESS-CM2,ssp585,121.53,25.02,historical
2015,,0,,ACCESS-CM2,ssp585,121.53,25.02,future
2016,5.0,365,3351.0243,ACCESS-CM2,ssp585,121.53,25.02,future
2017,4.0,365,3020.7731000000003,ACCESS-CM2,ssp585,121.53,25.02,future
2018,4.0,365,3247.8046,ACCESS-CM2,ssp585,121.53,25.02,future
2019,4.0,365,2932.2376999999997,ACCESS-CM2,ssp585,121.53,25.02,future
2020,4.0,365,3168.5110999999997,ACCESS-CM2,ssp585,121.53,25.02,future
2021,5.0,365,3320.0661,ACCESS-CM2,ssp585,121.53,25.02,future
2022,4.0,365,2783.8557,ACCESS-CM2,ssp585,121.53,25.02,future
2023,4.0,365,2729.2609,ACCESS-CM2,ssp585,121.53,25.02,future
2024,4.0,365,3003.1516,ACCESS-CM2,ssp585,121.53,25.02,future
2025,5.0,365,3349.3792999999996,ACCESS-CM2,ssp585,121.53,25.02,future
2026,4.0,365,2828.3125999999997,ACCESS-CM2,ssp585,121.53,25.02,future
2027,5.0,365,3560.4858999999997,ACCESS-CM2,ssp585,121.53,25.02,future
2028,4.0,365,3092.3821,ACCESS-CM2,ssp585,121.53,25.02,future
2029,4.0,365,3242.0657999999994,ACCESS-CM2,ssp585,121.53,25.02,future
2030,4.0,365,3185.2855,ACCESS-CM2,ssp585,121.53,25.02,future
2031,5.0,365,3617.7252,ACCESS-CM2,ssp585,121.53,25.02,future
2032,4.0,365,3031.2544999999996,ACCESS-CM2,ssp585,121.53,25.02,future
2033,5.0,365,3406.9452,ACCESS-CM2,ssp585,121.53,25.02,future
2034,4.0,365,3223.7861999999996,ACCESS-CM2,ssp585,121.53,25.02,future
2004,4.0,365,2886.9013999999997,EC-Earth3,ssp245,121.53,25.02,historical
2005,4.0,365,2959.9669,EC-Earth3,ssp245,121.53,25.02,historical
2006,4.0,365,3045.0543000000002,EC-Earth3,ssp245,121.53,25.02,historical
2007,4.0,365,2908.0914999999995,EC-Earth3,ssp245,121.53,25.02,historical
2008,4.0,365,3042.1308,EC-Earth3,ssp245,121.53,25.02,historical
2009,4.0,365,2907.3549,EC-Earth3,ssp245,121.53,25.02,historical
2010,4.0,365,2843.3251999999998,EC-Earth3,ssp245,121.53,25.02,historical
2011,4.0,365,2890.9232,EC-Earth3,ssp245,121.53,25.02,historical
2012,4.0,365,2948.8792999999996,EC-Earth3,ssp245,121.53,25.02,historical
2013,4.0,365,2742.0056000000004,EC-Earth3,ssp245,121.53,25.02,historical
2014,4.0,365,2897.6739,EC-Earth3,ssp245,121.53,25.02,historical
2015,4.0,365,2881.7859,EC-Earth3,ssp245,121.53,25.02,future
2016,4.0,365,3205.2374,EC-Earth3,ssp245,121.53,25.02,future
2017,4.0,365,2954.0851000000002,EC-Earth3,ssp245,121.53,25.02,future
2018,5.0,365,3279.0022,EC-Earth3,ssp245,121.53,25.02,future
2019,4.0,365,2630.0827,EC-Earth3,ssp245,121.53,25.02,future
2020,4.0,365,2701.2097999999996,EC-Earth3,ssp245,121.53,25.02,future
2021,4.0,365,2793.8135,EC-Earth3,ssp245,121.53,25.02,future
2022,4.0,365,3157.9323999999997,EC-Earth3,ssp245,121.53,25.02,future
2023,4.0,365,2868.708,EC-Earth3,ssp245,121.53,25.02,future
2024,4.0,365,2908.372,EC-Earth3,ssp245,121.53,25.02,future
2025,4.0,365,2748.5906999999997,EC-Earth3,ssp245,121.53,25.02,future
2026,4.0,365,2778.2387,EC-Earth3,ssp245,121.53,25.02,future
2027,4.0,365,3026.7052,EC-Earth3,ssp245,121.53,25.02,future
2028,4.0,365,2815.6016999999997,EC-Earth3,ssp245,121.53,25.02,future
2029,4.0,365,3174.9667,EC-Earth3,ssp245,121.53,25.02,future
2030,4.0,365,2917.7794000000004,EC-Earth3,ssp245,121.53,25.02,future
2031,4.0,365,3006.5968,EC-Earth3,ssp245,121.53,25.02,future
2032,4.0,365,2942.8023,EC-Earth3,ssp245,121.53,25.02,future
2033,4.0,365,2857.2293999999997,EC-Earth3,ssp245,121.53,25.02,future
2034,4.0,365,2739.8558,EC-Earth3,ssp245,121.53,25.02,future
2004,4.0,365,2886.9013999999997,EC-Earth3,ssp370,121.53,25.02,historical
2005,4.0,365,2959.9669,EC-Earth3,ssp370,121.53,25.02,historical
2006,4.0,365,3045.0543000000002,EC-Earth3,ssp370,121.53,25.02,historical
2007,4.0,365,2908.0914999999995,EC-Earth3,ssp370,121.53,25.02,historical
2008,4.0,365,3042.1308,EC-Earth3,ssp370,121.53,25.02,historical
2009,4.0,365,2907.3549,EC-Earth3,ssp370,121.53,25.02,historical
2010,4.0,365,2843.3251999999998,EC-Earth3,ssp370,121.53,25.02,historical
2011,4.0,365,2890.9232,EC-Earth3,ssp370,121.53,25.02,historical
2012,4.0,365,2948.8792999999996,EC-Earth3,ssp370,121.53,25.02,historical
2013,4.0,365,2742.0056000000004,EC-Earth3,ssp370,121.53,25.02,historical
2014,4.0,365,2897.6739,EC-Earth3,ssp370,121.53,25.02,historical
2015,4.0,365,2705.5153999999998,EC-Earth3,ssp370,121.53,25.02,future
2016,4.0,365,2957.026099999999,EC-Earth3,ssp370,121.53,25.02,future
2017,5.0,365,3387.6144,EC-Earth3,ssp370,121.53,25.02,future
2018,4.0,365,2863.6305999999995,EC-Earth3,ssp370,121.53,25.02,future
2019,4.0,365,2847.5222999999996,EC-Earth3,ssp370,121.53,25.02,future
2020,3.0,365,2595.4822999999997,EC-Earth3,ssp370,121.53,25.02,future
2021,4.0,365,2858.3169,EC-Earth3,ssp370,121.53,25.02,future
2022,4.0,365,2903.5602,EC-Earth3,ssp370,121.53,25.02,future
2023,5.0,365,3591.8848,EC-Earth3,ssp370,121.53,25.02,future
2024,4.0,365,3234.1851,EC-Earth3,ssp370,121.53,25.02,future
2025,4.0,365,3062.3428999999996,EC-Earth3,ssp370,121.53,25.02,future
2026,4.0,365,2760.6034999999997,EC-Earth3,ssp370,121.53,25.02,future
2027,4.0,365,3243.2999,EC-Earth3,ssp370,121.53,25.02,future
2028,4.0,365,3131.9629,EC-Earth3,ssp370,121.53,25.02,future
2029,4.0,365,2971.0285999999996,EC-Earth3,ssp370,121.53,25.02,future
2030,4.0,365,3023.8536,EC-Earth3,ssp370,121.53,25.02,future
2031,4.0,365,3158.6566,EC-Earth3,ssp370,121.53,25.02,future
2032,4.0,365,3189.2401,EC-Earth3,ssp370,121.53,25.02,future
2033,4.0,365,3075.3815,EC-Earth3,ssp370,121.53,25.02,future
2034,4.0,365,3047.6856,EC-Earth3,ssp370,121.53,25.02,future
2004,4.0,365,2886.9013999999997,EC-Earth3,ssp585,121.53,25.02,historical
2005,4.0,365,2959.9669,EC-Earth3,ssp585,121.53,25.02,historical
2006,4.0,365,3045.0543000000002,EC-Earth3,ssp585,121.53,25.02,historical
2007,4.0,365,2908.0914999999995,EC-Earth3,ssp585,121.53,25.02,historical
2008,4.0,365,3042.1308,EC-Earth3,ssp585,121.53,25.02,historical
2009,4.0,365,2907.3549,EC-Earth3,ssp585,121.53,25.02,historical
2010,4.0,365,2843.3251999999998,EC-Earth3,ssp585,121.53,25.02,historical
2011,4.0,365,2890.9232,EC-Earth3,ssp585,121.53,25.02,historical
2012,4.0,365,2948.8792999999996,EC-Earth3,ssp585,121.53,25.02,historical
2013,4.0,365,2742.0056000000004,EC-Earth3,ssp585,121.53,25.02,historical
2014,4.0,365,2897.6739,EC-Earth3,ssp585,121.53,25.02,historical
2015,4.0,365,2969.2820999999994,EC-Earth3,ssp585,121.53,25.02,future
2016,4.0,365,3144.362,EC-Earth3,ssp585,121.53,25.02,future
2017,4.0,365,2833.608,EC-Earth3,ssp585,121.53,25.02,future
2018,4.0,365,2697.9475999999995,EC-Earth3,ssp585,121.53,25.02,future
2019,4.0,365,3124.048,EC-Earth3,ssp585,121.53,25.02,future
2020,4.0,365,2612.2900999999997,EC-Earth3,ssp585,121.53,25.02,future
2021,4.0,365,2645.0053,EC-Earth3,ssp585,121.53,25.02,future
2022,4.0,365,3138.3489,EC-Earth3,ssp585,121.53,25.02,future
2023,4.0,365,2892.7281,EC-Earth3,ssp585,121.53,25.02,future
2024,4.0,365,2888.5081,EC-Earth3,ssp585,121.53,25.02,future
2025,4.0,365,2996.8468999999996,EC-Earth3,ssp585,121.53,25.02,future
2026,4.0,365,2798.9336999999996,EC-Earth3,ssp585,121.53,25.02,future
2027,4.0,365,2942.7849,EC-Earth3,ssp585,121.53,25.02,future
2028,4.0,365,3069.1427,EC-Earth3,ssp585,121.53,25.02,future
2029,4.0,365,3168.8554,EC-Earth3,ssp585,121.53,25.02,future
2030,4.0,365,2944.0424999999996,EC-Earth3,ssp585,121.53,25.02,future
2031,4.0,365,2661.9815,EC-Earth3,ssp585,121.53,25.02,future
2032,4.0,365,3169.9825,EC-Earth3,ssp585,121.53,25.02,future
2033,4.0,365,3002.9123,EC-Earth3,ssp585,121.53,25.02,future
2034,4.0,365,3033.4483,EC-Earth3,ssp585,121.53,25.02,future
