organism,scenario,month,baseline_monthly_dd,baseline_monthly_generation,slope_dd_per_year,slope_generation_per_year,relative_dd_trend_percent_per_year,relative_generation_trend_percent_per_year,total_dd_relative_change_percent,total_generation_relative_change_percent
Aedes aegypti,rcp26,1,159.7844590177303,0.9986528688608144,0.7753864004126836,0.004846165002579271,0.4852702228860966,0.48527022288609656,14.558106686582931,14.558106686582933
Aedes aegypti,rcp26,2,187.83505859636824,1.1739691162273014,0.9702277028274303,0.006063923142671436,0.5165317433697596,0.5165317433697594,15.495952301092682,15.495952301092778
Aedes aegypti,rcp26,3,223.94391705341442,1.39964948158384,1.1545051262491706,0.007215657039057318,0.515533148405992,0.5155331484059922,15.465994452179817,15.465994452179716
Aedes aegypti,rcp26,4,361.0930342101973,2.256831463813733,1.1641405367753537,0.007275878354845971,0.32239351814737344,0.3223935181473739,9.671805544421236,9.671805544421206
Aedes aegypti,rcp26,5,482.43745250783667,3.015234078173979,1.1194765119163337,0.0069967281994770866,0.23204593799610718,0.23204593799610726,6.961378139883252,6.961378139883265
Aedes aegypti,rcp26,6,514.2093016210556,3.2138081351315977,1.2090995892629588,0.00755687243289348,0.2351376347046323,0.23513763470463192,7.054129041139011,7.054129041138989
Aedes aegypti,rcp26,7,589.6925565264446,3.685578478290279,1.0570620058822853,0.006606637536764295,0.17925646070706025,0.17925646070706058,5.37769382121183,5.37769382121184
Aedes aegypti,rcp26,8,576.3692423059115,3.6023077644119468,0.9901984523972068,0.006188740327482529,0.17179932232949605,0.17179932232949563,5.153979669884901,5.153979669884842
Aedes aegypti,rcp26,9,521.5856307687641,3.2599101923047757,1.250341926360434,0.007814637039752746,0.23971939650974614,0.23971939650974713,7.191581895292434,7.191581895292412
Aedes aegypti,rcp26,10,404.38335148813997,2.527395946800875,1.1527946586144888,0.00720496661634055,0.285074708039334,0.2850747080393338,8.552241241179942,8.55224124118004
Aedes aegypti,rcp26,11,364.2946886877299,2.2768418042983116,1.0932527039315543,0.006832829399572206,0.30010119221603054,0.3001011922160302,9.003035766480942,9.003035766480957
Aedes aegypti,rcp26,12,232.56118559176895,1.4535074099485557,1.2963698478152363,0.008102311548845203,0.5574317332948439,0.5574317332948423,16.722951998845442,16.7229519988454
Aedes aegypti,rcp45,1,159.7844590177303,0.9986528688608144,0.8529241304341605,0.005330775815213507,0.5337966756451056,0.533796675645106,16.013900269353286,16.01390026935318
Aedes aegypti,rcp45,2,187.83505859636824,1.1739691162273014,0.5979409543008869,0.0037371309643805437,0.3183329878719712,0.3183329878719713,9.549989636159092,9.549989636159124
Aedes aegypti,rcp45,3,223.94391705341442,1.39964948158384,0.8807605349831897,0.005504753343644939,0.39329513682352596,0.39329513682352624,11.798854104705747,11.7988541047058
Aedes aegypti,rcp45,4,361.0930342101973,2.256831463813733,1.0522543188045825,0.0065765894925286505,0.29140809129872347,0.29140809129872397,8.742242738961686,8.742242738961734
Aedes aegypti,rcp45,5,482.43745250783667,3.015234078173979,1.0837792325836797,0.006773620203648008,0.22464657893990408,0.22464657893990447,6.739397368197091,6.739397368197126
Aedes aegypti,rcp45,6,514.2093016210556,3.2138081351315977,0.8040171851745297,0.005025107407340791,0.15635990687835646,0.15635990687835585,4.6907972063506955,4.690797206350695
Aedes aegypti,rcp45,7,589.6925565264446,3.685578478290279,0.8963216875676616,0.0056020105472979155,0.151998134900566,0.1519981349005668,4.559944047016976,4.559944047017014
Aedes aegypti,rcp45,8,576.3692423059115,3.6023077644119468,0.9929733281168649,0.006206083300730417,0.17228076296094896,0.1722807629609493,5.168422888828502,5.168422888828472
Aedes aegypti,rcp45,9,521.5856307687641,3.2599101923047757,0.8712815731211343,0.005445509832007119,0.16704478070781092,0.1670447807078118,5.011343421234359,5.011343421234402
Aedes aegypti,rcp45,10,404.38335148813997,2.527395946800875,1.045099363816397,0.006531871023852478,0.25844272766680615,0.258442727666806,7.753281830004215,7.753281830004173
Aedes aegypti,rcp45,11,364.2946886877299,2.2768418042983116,0.6691615774217519,0.004182259858885945,0.18368688817073342,0.18368688817073325,5.510606645122031,5.510606645122
Aedes aegypti,rcp45,12,232.56118559176895,1.4535074099485557,0.7581394306281298,0.004738371441425813,0.32599568526406875,0.3259956852640689,9.779870557922102,9.779870557922179
Aedes aegypti,rcp60,1,159.7844590177303,0.9986528688608144,0.5246407677921303,0.0032790047987008106,0.32834280068120647,0.32834280068120614,9.850284020436185,9.850284020436202
Aedes aegypti,rcp60,2,187.83505859636824,1.1739691162273014,0.5306966590908038,0.003316854119317524,0.28253333699072547,0.2825333369907256,8.476000109721795,8.47600010972175
Aedes aegypti,rcp60,3,223.94391705341442,1.39964948158384,0.3646029209902985,0.0022787682561893653,0.16280992392543286,0.16280992392543286,4.884297717763007,4.8842977177629825
Aedes aegypti,rcp60,4,361.0930342101973,2.256831463813733,0.43741413448906563,0.002733838340556652,0.12113613197933935,0.121136131979339,3.6340839593801917,3.6340839593801766
Aedes aegypti,rcp60,5,482.43745250783667,3.015234078173979,0.8116230403654885,0.005072644002284303,0.16823383759831634,0.16823383759831637,5.0470151279494555,5.0470151279495274
Aedes aegypti,rcp60,6,514.2093016210556,3.2138081351315977,0.4846960086614076,0.0030293500541338026,0.09426045136355823,0.09426045136355839,2.827813540906741,2.8278135409067686
Aedes aegypti,rcp60,7,589.6925565264446,3.685578478290279,0.4013046993825964,0.002508154371141215,0.06805320754707542,0.06805320754707507,2.0415962264122616,2.041596226412242
Aedes aegypti,rcp60,8,576.3692423059115,3.6023077644119468,0.5250434642742909,0.0032815216517143126,0.09109498316976826,0.0910949831697681,2.732849495093044,2.732849495093044
Aedes aegypti,rcp60,9,521.5856307687641,3.2599101923047757,0.4482267462265159,0.0028014171639156953,0.0859354092185928,0.0859354092185919,2.5780622765577714,2.5780622765577497
Aedes aegypti,rcp60,10,404.38335148813997,2.527395946800875,0.7510363523706266,0.004693977202316422,0.18572385574401015,0.18572385574401037,5.571715672320289,5.571715672320318
Aedes aegypti,rcp60,11,364.2946886877299,2.2768418042983116,0.20785250964605909,0.001299078185287859,0.057056146054390695,0.05705614605439025,1.7116843816317167,1.711684381631705
Aedes aegypti,rcp60,12,232.56118559176895,1.4535074099485557,0.46071116835700515,0.002879444802231275,0.19810320762886202,0.19810320762886155,5.943096228865887,5.943096228865839
Aedes aegypti,rcp85,1,159.7844590177303,0.9986528688608144,0.9616287715385029,0.006010179822115647,0.6018287244266958,0.6018287244266963,18.054861732800852,18.05486173280082
Aedes aegypti,rcp85,2,187.83505859636824,1.1739691162273014,0.3725743905440819,0.002328589940900504,0.19835189092399047,0.19835189092398983,5.950556727719719,5.950556727719659
Aedes aegypti,rcp85,3,223.94391705341442,1.39964948158384,0.6362303946221743,0.003976439966388587,0.28410255701226417,0.28410255701226406,8.523076710368002,8.523076710367926
Aedes aegypti,rcp85,4,361.0930342101973,2.256831463813733,0.5817360334290462,0.0036358502089315495,0.16110419706695578,0.16110419706695625,4.833125912008679,4.833125912008688
Aedes aegypti,rcp85,5,482.43745250783667,3.015234078173979,0.6823864286631404,0.004264915179144649,0.14144557498923777,0.1414455749892385,4.243367249677118,4.243367249677166
Aedes aegypti,rcp85,6,514.2093016210556,3.2138081351315977,0.6403816384161506,0.004002385240100977,0.12453715566741676,0.12453715566741787,3.7361146700224834,3.73611467002255
Aedes aegypti,rcp85,7,589.6925565264446,3.685578478290279,0.6679515725900256,0.0041746973286876845,0.113271155485591,0.11327115548559165,3.398134664567739,3.3981346645677384
Aedes aegypti,rcp85,8,576.3692423059115,3.6023077644119468,0.5192342809981098,0.0032452142562381927,0.09008709051176658,0.09008709051176678,2.702612715353001,2.702612715353001
Aedes aegypti,rcp85,9,521.5856307687641,3.2599101923047757,0.7715180760257828,0.004821987975161133,0.14791781646450725,0.14791781646450694,4.43753449393522,4.43753449393523
Aedes aegypti,rcp85,10,404.38335148813997,2.527395946800875,0.736002365957175,0.004600014787232335,0.18200609971915746,0.18200609971915713,5.460182991574707,5.460182991574735
Aedes aegypti,rcp85,11,364.2946886877299,2.2768418042983116,0.6206995252211712,0.0038793720326323264,0.17038390745060497,0.17038390745060528,5.111517223518122,5.111517223518177
Aedes aegypti,rcp85,12,232.56118559176895,1.4535074099485557,0.6935286674305444,0.0043345541714409005,0.2982134209824438,0.29821342098244374,8.946402629473377,8.946402629473281
Aedes albopictus,rcp26,1,254.93573343187404,1.341767018062495,0.8044014680223359,0.004233691936959666,0.3155310780461047,0.3155310780461049,9.465932341383132,9.465932341383036
Aedes albopictus,rcp26,2,275.1949027596265,1.4483942250506658,1.0025070763042485,0.005276353033180256,0.3642898419451849,0.3642898419451849,10.928695258355534,10.92869525835546
Aedes albopictus,rcp26,3,322.7581346100349,1.6987270242633417,1.1755748609421741,0.006187236110221974,0.3642278024572596,0.36422780245725994,10.926834073717721,10.92683407371784
Aedes albopictus,rcp26,4,457.09303421019735,2.4057528116326172,1.1641405367753517,0.006127055456712379,0.2546834997796124,0.2546834997796125,7.640504993388412,7.640504993388385
Aedes albopictus,rcp26,5,581.6374525078367,3.061249750041245,1.119476511916338,0.0058919816416649175,0.19246981209506187,0.19246981209506125,5.774094362851865,5.774094362851854
Aedes albopictus,rcp26,6,610.2093016210556,3.211627903268714,1.209099589262958,0.006363682048752404,0.19814506039991792,0.19814506039991772,5.944351811997577,5.944351811997578
Aedes albopictus,rcp26,7,688.8925565264447,3.6257502975076035,1.057062005882284,0.005563484241485708,0.15344366779229474,0.15344366779229482,4.603310033768867,4.603310033768821
Aedes albopictus,rcp26,8,675.5692423059116,3.555627591083745,0.9901984523972097,0.005211570802090552,0.14657245925190115,0.14657245925190046,4.397173777557006,4.397173777556995
Aedes albopictus,rcp26,9,617.5856307687642,3.2504506882566533,1.2503419263604365,0.0065807469808444085,0.20245644718191125,0.20245644718191147,6.073693415457368,6.0736934154573445
Aedes albopictus,rcp26,10,503.58335148814,2.650438692042842,1.1527946586144873,0.0060673403084973085,0.22891834196024588,0.22891834196024616,6.867550258807323,6.867550258807367
Aedes albopictus,rcp26,11,460.29468868772994,2.422603624672263,1.093252703931552,0.005753961599639761,0.2375114748876082,0.2375114748876087,7.125344246628281,7.125344246628215
Aedes albopictus,rcp26,12,330.7604755763256,1.7408446082964504,1.3358187719043146,0.007030625115285858,0.40386287677714505,0.4038628767771445,12.11588630331435,12.115886303314296
Aedes albopictus,rcp45,1,254.93573343187404,1.341767018062495,0.8953982799670579,0.0047126225261424045,0.3512250981506025,0.3512250981506021,10.536752944518051,10.536752944518092
Aedes albopictus,rcp45,2,275.1949027596265,1.4483942250506658,0.6431386808768698,0.003384940425667746,0.23370297720907637,0.23370297720907707,7.011089316272261,7.011089316272287
Aedes albopictus,rcp45,3,322.7581346100349,1.6987270242633417,0.8886344455212485,0.004677023397480253,0.27532518943168405,0.275325189431684,8.259755682950527,8.259755682950534
Aedes albopictus,rcp45,4,457.09303421019735,2.4057528116326172,1.0522543188045845,0.005538180625287288,0.23020572182263846,0.23020572182263854,6.906171654679125,6.9061716546791745
Aedes albopictus,rcp45,5,581.6374525078367,3.061249750041245,1.0837792325836801,0.005704101224124632,0.18633243576574496,0.18633243576574496,5.58997307297232,5.589973072972331
Aedes albopictus,rcp45,6,610.2093016210556,3.211627903268714,0.8040171851745281,0.004231669395655406,0.13176088647593717,0.131760886475937,3.952826594278124,3.9528265942781062
Aedes albopictus,rcp45,7,688.8925565264447,3.6257502975076035,0.8963216875676598,0.004717482566145585,0.13011052000432705,0.13011052000432724,3.903315600129783,3.903315600129805
Aedes albopictus,rcp45,8,675.5692423059116,3.555627591083745,0.9929733281168646,0.005226175411141391,0.1469832055597383,0.14698320555973826,4.409496166792179,4.4094961667921195
Aedes albopictus,rcp45,9,617.5856307687642,3.2504506882566533,0.8712815731211365,0.004585692490111231,0.14107866661932764,0.14107866661932722,4.232359998579844,4.232359998579798
Aedes albopictus,rcp45,10,503.58335148814,2.650438692042842,1.0450993638163966,0.005500522967454706,0.20753254862934242,0.20753254862934195,6.2259764588803,6.225976458880225
Aedes albopictus,rcp45,11,460.29468868772994,2.422603624672263,0.6690898995543667,0.0035215257871282573,0.14536120359370175,0.1453612035937022,4.36083610781104,4.360836107811063
Aedes albopictus,rcp45,12,330.7604755763256,1.7408446082964504,0.8010462397572903,0.004216032840827841,0.2421831805512816,0.24218318055128146,7.2654954165384575,7.26549541653848
Aedes albopictus,rcp60,1,254.93573343187404,1.341767018062495,0.5517946225618423,0.0029041822240097087,0.2164445976771229,0.21644459767712382,6.4933379303136185,6.49333793031371
Aedes albopictus,rcp60,2,275.1949027596265,1.4483942250506658,0.5515480219255072,0.0029028843259237182,0.20042087131507155,0.20042087131507125,6.0126261394521725,6.012626139452147
Aedes albopictus,rcp60,3,322.7581346100349,1.6987270242633417,0.36201774789768415,0.0019053565678825383,0.11216378739302227,0.11216378739302169,3.3649136217906945,3.364913621790653
Aedes albopictus,rcp60,4,457.09303421019735,2.4057528116326172,0.437414134489063,0.002302179655205608,0.09569477146919618,0.09569477146919673,2.870843144075886,2.8708431440758893
Aedes albopictus,rcp60,5,581.6374525078367,3.061249750041245,0.8116230403654914,0.004271700212449935,0.1395410554918755,0.1395410554918749,4.186231664756261,4.186231664756248
Aedes albopictus,rcp60,6,610.2093016210556,3.211627903268714,0.4846960086614116,0.002551031624533716,0.07943110787950777,0.07943110787950684,2.3829332363852083,2.3829332363852065
Aedes albopictus,rcp60,7,688.8925565264447,3.6257502975076035,0.4013046993825985,0.00211212999675053,0.05825359783332098,0.058253597833321305,1.7476079349996194,1.7476079349996392
Aedes albopictus,rcp60,8,675.5692423059116,3.555627591083745,0.525043464274294,0.0027633866540752103,0.07771867506610723,0.07771867506610664,2.3315602519832335,2.3315602519832015
Aedes albopictus,rcp60,9,617.5856307687642,3.2504506882566533,0.4482267462265109,0.0023590881380342746,0.07257726279488771,0.07257726279488792,2.1773178838466265,2.177317883846641
Aedes albopictus,rcp60,10,503.58335148814,2.650438692042842,0.751036352370626,0.003952822907213813,0.14913843957534284,0.14913843957534254,4.474153187260277,4.474153187260254
Aedes albopictus,rcp60,11,460.29468868772994,2.422603624672263,0.20785250964606028,0.0010939605770845186,0.04515639974874231,0.04515639974874193,1.3546919924622705,1.3546919924622622
Aedes albopictus,rcp60,12,330.7604755763256,1.7408446082964504,0.4629001096791671,0.002436316366732473,0.13995024915615992,0.13995024915616075,4.19850747468479,4.198507474684845
Aedes albopictus,rcp85,1,254.93573343187404,1.341767018062495,1.006369321041813,0.005296680637062184,0.39475412390971976,0.39475412390972053,11.842623717291646,11.84262371729153
Aedes albopictus,rcp85,2,275.1949027596265,1.4483942250506658,0.4103863032749372,0.002159927911973362,0.14912569206755832,0.1491256920675589,4.473770762026737,4.473770762026782
Aedes albopictus,rcp85,3,322.7581346100349,1.6987270242633417,0.6552242092180904,0.003448548469568908,0.20300780645226804,0.20300780645226868,6.090234193568041,6.090234193568049
Aedes albopictus,rcp85,4,457.09303421019735,2.4057528116326172,0.5817360334290476,0.0030617685969949794,0.12726862802322478,0.12726862802322447,3.818058840696739,3.818058840696713
Aedes albopictus,rcp85,5,581.6374525078367,3.061249750041245,0.6823864286631381,0.0035915075192796664,0.11732161086272966,0.11732161086272941,3.5196483258818896,3.5196483258818883
Aedes albopictus,rcp85,6,610.2093016210556,3.211627903268714,0.6403816384161527,0.0033704296758744643,0.10494458814622172,0.10494458814622099,3.1483376443866256,3.148337644386623
Aedes albopictus,rcp85,7,688.8925565264447,3.6257502975076035,0.6679515725900256,0.0035155345925790707,0.09696019593505142,0.0969601959350511,2.90880587805155,2.9088058780515347
Aedes albopictus,rcp85,8,675.5692423059116,3.555627591083745,0.5192342809981135,0.0027328120052532265,0.0768587804894459,0.07685878048944585,2.3057634146833967,2.305763414683391
Aedes albopictus,rcp85,9,617.5856307687642,3.2504506882566533,0.7715180760257836,0.004060621452767284,0.12492487480082817,0.12492487480082824,3.7477462440248432,3.7477462440248646
Aedes albopictus,rcp85,10,503.58335148814,2.650438692042842,0.7360023659571712,0.00387369666293249,0.14615303778057978,0.14615303778058017,4.384591133417358,4.384591133417431
Aedes albopictus,rcp85,11,460.29468868772994,2.422603624672263,0.6206995252211753,0.003266839606427219,0.1348482918607532,0.13484829186075237,4.045448755822596,4.04544875582257
Aedes albopictus,rcp85,12,330.7604755763256,1.7408446082964504,0.7170183499694844,0.003773780789313073,0.21677872748251834,0.21677872748251817,6.503361824475541,6.503361824475536
Cockroach,rcp26,1,24.59499771255828,0.03783845801932043,0.43188935101291037,0.0006644451554044772,1.756004843181532,1.7560048431815312,52.680145295445925,52.680145295445904
Cockroach,rcp26,2,49.51176038173134,0.07617193904881744,0.5888201968413117,0.0009058772259097096,1.1892532042923933,1.1892532042923925,35.67759612877178,35.6775961287716
Cockroach,rcp26,3,55.08729088257983,0.08474967828089204,0.8613554916643543,0.0013251622948682368,1.5636192629264682,1.5636192629264676,46.908577887794245,46.908577887793854
Cockroach,rcp26,4,166.39243128356728,0.2559883558208727,1.1428747155998389,0.0017582687932305252,0.6868549890061663,0.6868549890061679,20.605649670185066,20.605649670184956
Cockroach,rcp26,5,280.93745250783667,0.4322114653966717,1.1193020406461738,0.001722003139455647,0.3984168115196215,0.3984168115196205,11.952504345588583,11.952504345588597
Cockroach,rcp26,6,319.20930162105566,0.4910912332631625,1.2090995892629572,0.001860153214250704,0.37877956034574484,0.378779560345745,11.363386810372427,11.363386810372395
Cockroach,rcp26,7,388.1925565264446,0.5972193177329918,1.0570620058822853,0.0016262492398188947,0.2723035225973674,0.2723035225973664,8.169105677921056,8.169105677920925
Cockroach,rcp26,8,374.8692423059115,0.5767219112398638,0.9901984523972076,0.0015233822344572438,0.2641450246241215,0.2641450246241217,7.92435073872367,7.92435073872364
Cockroach,rcp26,9,326.5856307687641,0.5024394319519448,1.250341926360438,0.0019236029636314433,0.3828527064761557,0.38285270647615566,11.485581194284714,11.485581194284649
Cockroach,rcp26,10,202.88335148813997,0.3121282330586769,1.1534988720721477,0.0017746136493417685,0.5685527489620449,0.5685527489620458,17.056582468861208,17.056582468861407
Cockroach,rcp26,11,169.2946886877299,0.26045336721189216,1.0799008438005047,0.001661385913539237,0.637882293987628,0.6378822939876275,19.136468819629073,19.136468819628913
Cockroach,rcp26,12,65.02759468084015,0.1000424533551387,0.9193265901635032,0.0014143486002515435,1.41374841661547,1.41374841661547,42.41245249846411,42.41245249846432
Cockroach,rcp45,1,24.59499771255828,0.03783845801932043,0.3722244715043288,0.000572653033083583,1.5134153532133483,1.5134153532133485,45.40246059640063,45.40246059640031
Cockroach,rcp45,2,49.51176038173134,0.07617193904881744,0.3078150936432023,0.00047356168252800433,0.6217009681537777,0.6217009681537788,18.651029044613512,18.651029044613228
Cockroach,rcp45,3,55.08729088257983,0.08474967828089204,0.6623186112792667,0.0010189517096604109,1.2023074663283373,1.202307466328338,36.069223989850215,36.06922398984997
Cockroach,rcp45,4,166.39243128356728,0.2559883558208727,1.0258214305121978,0.0015781868161726107,0.6165072669465265,0.616507266946526,18.495218008395987,18.495218008395785
Cockroach,rcp45,5,280.93745250783667,0.4322114653966717,1.0838058604211964,0.0016673936314172248,0.3857819065227567,0.3857819065227567,11.573457195682753,11.573457195682774
Cockroach,rcp45,6,319.20930162105566,0.4910912332631625,0.8040171851745282,0.0012369495156531198,0.25187774325229556,0.25187774325229545,7.556332297568883,7.5563322975689005
Cockroach,rcp45,7,388.1925565264446,0.5972193177329918,0.8963216875676674,0.001378956442411787,0.23089615514217307,0.23089615514217154,6.926884654265199,6.926884654265144
Cockroach,rcp45,8,374.8692423059115,0.5767219112398638,0.9929733281168629,0.001527651274025943,0.2648852495896552,0.2648852495896552,7.946557487689662,7.946557487689616
Cockroach,rcp45,9,326.5856307687641,0.5024394319519448,0.8712815731211361,0.0013404331894171335,0.2667850300303135,0.2667850300303137,8.00355090090944,8.003550900909435
Cockroach,rcp45,10,202.88335148813997,0.3121282330586769,1.0452517159047088,0.0016080795629303203,0.5151983680463853,0.515198368046385,15.455951041391646,15.455951041391478
Cockroach,rcp45,11,169.2946886877299,0.26045336721189216,0.6571595913479779,0.0010110147559199655,0.38817496073969115,0.38817496073969093,11.645248822190716,11.645248822190823
Cockroach,rcp45,12,65.02759468084015,0.1000424533551387,0.38301359551347464,0.0005892516854053452,0.5890016344496999,0.5890016344496994,17.670049033491146,17.6700490334911
Cockroach,rcp60,1,24.59499771255828,0.03783845801932043,0.24276662775964236,0.00037348711963021907,0.9870569235128857,0.9870569235128859,29.611707705386703,29.611707705386554
Cockroach,rcp60,2,49.51176038173134,0.07617193904881744,0.329267845326476,0.000506565915886886,0.6650295662845549,0.6650295662845547,19.95088698853679,19.95088698853687
Cockroach,rcp60,3,55.08729088257983,0.08474967828089204,0.34289759168527145,0.0005275347564388796,0.6224622525296583,0.6224622525296587,18.67386757588968,18.67386757588984
Cockroach,rcp60,4,166.39243128356728,0.2559883558208727,0.42102958281015346,0.0006477378197079297,0.25303409509813074,0.25303409509813124,7.5910228529439845,7.5910228529439125
Cockroach,rcp60,5,280.93745250783667,0.4322114653966717,0.811732245674628,0.0012488188394994323,0.2889369994739256,0.2889369994739267,8.668109984217736,8.668109984217855
Cockroach,rcp60,6,319.20930162105566,0.4910912332631625,0.4846960086614072,0.0007456861671713984,0.15184269574851128,0.15184269574851184,4.555280872455332,4.555280872455387
Cockroach,rcp60,7,388.1925565264446,0.5972193177329918,0.40130469938259694,0.0006173918452039958,0.10337774195710503,0.10337774195710508,3.1013322587131738,3.101332258713154
Cockroach,rcp60,8,374.8692423059115,0.5767219112398638,0.5250434642742934,0.0008077591758066065,0.1400604277493197,0.14006042774931993,4.201812832479627,4.201812832479599
Cockroach,rcp60,9,326.5856307687641,0.5024394319519448,0.44822674622651315,0.0006895796095792505,0.13724631581965588,0.13724631581965574,4.1173894745896815,4.1173894745896655
Cockroach,rcp60,10,202.88335148813997,0.3121282330586769,0.7495081345166827,0.0011530894377179757,0.3694281117790471,0.36942811177904783,11.082843353371421,11.082843353371441
Cockroach,rcp60,11,169.2946886877299,0.26045336721189216,0.2048007633422954,0.0003150780974496839,0.12097294069281628,0.12097294069281572,3.6291882207844814,3.629188220784469
Cockroach,rcp60,12,65.02759468084015,0.1000424533551387,0.3578988973533675,0.0005506136882359499,0.5503800334457387,0.5503800334457387,16.5114010033722,16.51140100337226
Cockroach,rcp85,1,24.59499771255828,0.03783845801932043,0.4383664705927228,0.0006744099547580354,1.7823399526843282,1.7823399526843289,53.47019858052988,53.470198580529726
Cockroach,rcp85,2,49.51176038173134,0.07617193904881744,0.17045288145442045,0.00026223520223757037,0.34426746320519336,0.34426746320519397,10.328023896155857,10.328023896155832
Cockroach,rcp85,3,55.08729088257983,0.08474967828089204,0.31762263707970717,0.0004886502108918568,0.5765806086865465,0.576580608686546,17.297418260596498,17.2974182605964
Cockroach,rcp85,4,166.39243128356728,0.2559883558208727,0.5567126931788419,0.0008564810664289877,0.3345781348852868,0.3345781348852869,10.03734404655867,10.037344046558589
Cockroach,rcp85,5,280.93745250783667,0.4322114653966717,0.6820393334010443,0.0010492912821554522,0.2427726624957628,0.2427726624957627,7.2831798748729,7.283179874872875
Cockroach,rcp85,6,319.20930162105566,0.4910912332631625,0.6403816384161495,0.0009852025206402342,0.20061496803635395,0.2006149680363548,6.018449041090598,6.018449041090646
Cockroach,rcp85,7,388.1925565264446,0.5972193177329918,0.6679515725900237,0.0010276178039846557,0.1720670737653676,0.17206707376536823,5.162012212960997,5.162012212961066
Cockroach,rcp85,8,374.8692423059115,0.5767219112398638,0.519234280998112,0.0007988219707663265,0.13851077186385743,0.1385107718638575,4.15532315591571,4.155323155915733
Cockroach,rcp85,9,326.5856307687641,0.5024394319519448,0.7715180760257844,0.0011869508861935146,0.23623760610951391,0.23623760610951391,7.0871281832854764,7.087128183285427
Cockroach,rcp85,10,202.88335148813997,0.3121282330586769,0.7352423142658651,0.001131142021947485,0.3623965736335174,0.3623965736335175,10.87189720900557,10.871897209005517
Cockroach,rcp85,11,169.2946886877299,0.26045336721189216,0.620397693399937,0.0009544579898460592,0.366460222827358,0.36646022282735885,10.99380668482076,10.993806684820754
Cockroach,rcp85,12,65.02759468084015,0.1000424533551387,0.44373405311484737,0.0006826677740228412,0.6823780816324581,0.6823780816324572,20.471342448973655,20.471342448973846
