organism,scenario,bio_year,season_group,ensemble_dd_share,ensemble_seasonal_dd,n_models
Aedes aegypti,historical,2004,May-Oct,66.3343917850213,3198.064725069801,31
Aedes aegypti,historical,2004,Nov-Apr,33.6656082149787,1624.0284128834733,31
Aedes aegypti,rcp26,2006,May-Oct,66.49178714349753,3206.0270027544875,20
Aedes aegypti,rcp26,2006,Nov-Apr,33.508212856502475,1622.108058465372,20
Aedes aegypti,rcp26,2007,May-Oct,65.85310701056842,3174.37850847577,20
Aedes aegypti,rcp26,2007,Nov-Apr,34.14689298943158,1651.2460038936,20
Aedes aegypti,rcp26,2008,May-Oct,66.04033095617625,3224.128719665614,20
Aedes aegypti,rcp26,2008,Nov-Apr,33.95966904382375,1661.5438776506119,20
Aedes aegypti,rcp26,2009,May-Oct,66.42402140570637,3223.3986553515438,20
Aedes aegypti,rcp26,2009,Nov-Apr,33.57597859429363,1633.2383570069999,20
Aedes aegypti,rcp26,2010,May-Oct,66.08116787270689,3222.4514857152003,20
Aedes aegypti,rcp26,2010,Nov-Apr,33.918832127293115,1657.7487686890004,20
Aedes aegypti,rcp26,2011,May-Oct,65.43083471562834,3230.2132998813177,20
Aedes aegypti,rcp26,2011,Nov-Apr,34.569165284371664,1711.6274232070548,20
Aedes aegypti,rcp26,2012,May-Oct,65.6586875551709,3277.567577843363,20
Aedes aegypti,rcp26,2012,Nov-Apr,34.3413124448291,1719.4719328646702,20
Aedes aegypti,rcp26,2013,May-Oct,65.60904621516373,3223.986053752429,20
Aedes aegypti,rcp26,2013,Nov-Apr,34.39095378483627,1692.8034950808524,20
Aedes aegypti,rcp26,2014,May-Oct,65.60432968472378,3296.284863785905,20
Aedes aegypti,rcp26,2014,Nov-Apr,34.39567031527623,1734.6729331569961,20
Aedes aegypti,rcp26,2015,May-Oct,65.73643444107728,3296.113554174079,20
Aedes aegypti,rcp26,2015,Nov-Apr,34.26356555892273,1722.4379417055013,20
Aedes aegypti,rcp26,2016,May-Oct,66.43849436488095,3332.4369431157147,20
Aedes aegypti,rcp26,2016,Nov-Apr,33.56150563511905,1690.4617155205985,20
Aedes aegypti,rcp26,2017,May-Oct,65.91840507354354,3310.1457801449055,20
Aedes aegypti,rcp26,2017,Nov-Apr,34.08159492645646,1718.530072917059,20
Aedes aegypti,rcp26,2018,May-Oct,64.95467380196439,3278.4749710823367,20
Aedes aegypti,rcp26,2018,Nov-Apr,35.04532619803562,1780.30368757534,20
Aedes aegypti,rcp26,2019,May-Oct,65.46453169828837,3285.5368314267935,20
Aedes aegypti,rcp26,2019,Nov-Apr,34.53546830171163,1739.1321590110522,20
Aedes aegypti,rcp26,2020,May-Oct,65.93163059333293,3267.7424592857833,20
Aedes aegypti,rcp26,2020,Nov-Apr,34.06836940666708,1692.6635594675868,20
Aedes aegypti,rcp26,2021,May-Oct,65.32419290468326,3284.5175986059985,20
Aedes aegypti,rcp26,2021,Nov-Apr,34.675807095316735,1746.84889054681,20
Aedes aegypti,rcp26,2022,May-Oct,64.90320453574769,3295.853596493924,20
Aedes aegypti,rcp26,2022,Nov-Apr,35.09679546425231,1790.4979427762214,20
Aedes aegypti,rcp26,2023,May-Oct,65.75839912096913,3376.9578391007803,20
Aedes aegypti,rcp26,2023,Nov-Apr,34.24160087903088,1765.3449427245719,20
Aedes aegypti,rcp26,2024,May-Oct,65.53659562483054,3326.969200560059,20
Aedes aegypti,rcp26,2024,Nov-Apr,34.46340437516947,1757.2842297926236,20
Aedes aegypti,rcp26,2025,May-Oct,65.65770897922768,3334.5684401316294,20
Aedes aegypti,rcp26,2025,Nov-Apr,34.34229102077232,1754.6976873918888,20
Aedes aegypti,rcp26,2026,May-Oct,64.91483459930814,3331.7511086479694,20
Aedes aegypti,rcp26,2026,Nov-Apr,35.085165400691864,1805.054079522713,20
Aedes aegypti,rcp26,2027,May-Oct,64.8514534733943,3357.064059498893,20
Aedes aegypti,rcp26,2027,Nov-Apr,35.1485465266057,1826.2708310534083,20
Aedes aegypti,rcp26,2028,May-Oct,64.55373051062955,3330.416074756789,20
Aedes aegypti,rcp26,2028,Nov-Apr,35.44626948937046,1832.6040474664194,20
Aedes aegypti,rcp26,2029,May-Oct,64.93358946592016,3342.2948449094474,20
Aedes aegypti,rcp26,2029,Nov-Apr,35.06641053407985,1813.109621944316,20
Aedes aegypti,rcp26,2030,May-Oct,66.04259124084858,3356.4789834262097,20
Aedes aegypti,rcp26,2030,Nov-Apr,33.95740875915142,1732.7557285171047,20
Aedes aegypti,rcp26,2031,May-Oct,65.06619727067695,3377.6534999478527,20
Aedes aegypti,rcp26,2031,Nov-Apr,34.93380272932304,1820.2388537027168,20
Aedes aegypti,rcp26,2032,May-Oct,65.41953607787488,3392.739076787054,20
Aedes aegypti,rcp26,2032,Nov-Apr,34.58046392212512,1807.8711335793014,20
Aedes aegypti,rcp26,2033,May-Oct,65.63527065703794,3391.0375460409296,20
Aedes aegypti,rcp26,2033,Nov-Apr,34.364729342962065,1784.9133149711847,20
Aedes aegypti,rcp26,2034,May-Oct,65.30052378797099,3387.6647475678583,20
Aedes aegypti,rcp26,2034,Nov-Apr,34.69947621202901,1813.8046138144534,20
Aedes aegypti,rcp26,2035,May-Oct,64.35031083623323,3392.9610454502995,20
Aedes aegypti,rcp26,2035,Nov-Apr,35.649689163766766,1885.6885489284632,20
Aedes aegypti,rcp45,2006,May-Oct,66.00993268054928,3211.054945632471,27
Aedes aegypti,rcp45,2006,Nov-Apr,33.99006731945071,1660.623235274547,27
Aedes aegypti,rcp45,2007,May-Oct,66.71800097984502,3218.2470570588143,27
Aedes aegypti,rcp45,2007,Nov-Apr,33.281999020154984,1610.369335860956,27
Aedes aegypti,rcp45,2008,May-Oct,66.47318625686265,3243.951175502659,27
Aedes aegypti,rcp45,2008,Nov-Apr,33.52681374313735,1644.2768641169844,27
Aedes aegypti,rcp45,2009,May-Oct,66.0326899578226,3187.4007225934056,27
Aedes aegypti,rcp45,2009,Nov-Apr,33.967310042177395,1644.8525389198087,27
Aedes aegypti,rcp45,2010,May-Oct,66.38497348258024,3241.83289680407,27
Aedes aegypti,rcp45,2010,Nov-Apr,33.615026517419764,1644.9698371224786,27
Aedes aegypti,rcp45,2011,May-Oct,66.69483666962458,3232.98199931473,27
Aedes aegypti,rcp45,2011,Nov-Apr,33.30516333037543,1622.0078881756197,27
Aedes aegypti,rcp45,2012,May-Oct,66.15343243268883,3228.22223344289,27
Aedes aegypti,rcp45,2012,Nov-Apr,33.84656756731116,1653.9562918541724,27
Aedes aegypti,rcp45,2013,May-Oct,65.53215730504473,3227.145255108328,27
Aedes aegypti,rcp45,2013,Nov-Apr,34.46784269495527,1702.9950073846196,27
Aedes aegypti,rcp45,2014,May-Oct,65.90421755931487,3257.532713562809,27
Aedes aegypti,rcp45,2014,Nov-Apr,34.095782440685134,1691.6846027214024,27
Aedes aegypti,rcp45,2015,May-Oct,65.75664687338033,3251.0935502664884,27
Aedes aegypti,rcp45,2015,Nov-Apr,34.24335312661967,1701.14925350287,27
Aedes aegypti,rcp45,2016,May-Oct,65.36406650914115,3264.1517923736506,27
Aedes aegypti,rcp45,2016,Nov-Apr,34.63593349085885,1732.5387773806442,27
Aedes aegypti,rcp45,2017,May-Oct,66.66972044553604,3301.886381638115,27
Aedes aegypti,rcp45,2017,Nov-Apr,33.33027955446395,1658.430406534707,27
Aedes aegypti,rcp45,2018,May-Oct,65.94253219959774,3274.7923326009595,27
Aedes aegypti,rcp45,2018,Nov-Apr,34.05746780040227,1696.1392368031645,27
Aedes aegypti,rcp45,2019,May-Oct,65.70708165834762,3253.6876207975088,27
Aedes aegypti,rcp45,2019,Nov-Apr,34.29291834165238,1700.649065155592,27
Aedes aegypti,rcp45,2020,May-Oct,66.07500565368088,3286.0872794777406,27
Aedes aegypti,rcp45,2020,Nov-Apr,33.92499434631913,1693.1952483584812,27
Aedes aegypti,rcp45,2021,May-Oct,65.89759001340755,3282.797214902883,27
Aedes aegypti,rcp45,2021,Nov-Apr,34.102409986592455,1704.4418548021838,27
Aedes aegypti,rcp45,2022,May-Oct,66.37067494956466,3296.998045379505,27
Aedes aegypti,rcp45,2022,Nov-Apr,33.629325050435334,1677.3793168950479,27
Aedes aegypti,rcp45,2023,May-Oct,66.12011204278335,3253.8429773362873,27
Aedes aegypti,rcp45,2023,Nov-Apr,33.87988795721666,1675.9470100919034,27
Aedes aegypti,rcp45,2024,May-Oct,65.68559190210696,3298.0745715213775,27
Aedes aegypti,rcp45,2024,Nov-Apr,34.31440809789303,1728.2552923242708,27
Aedes aegypti,rcp45,2025,May-Oct,65.97741664343116,3334.225480800104,27
Aedes aegypti,rcp45,2025,Nov-Apr,34.022583356568845,1724.7841917113055,27
Aedes aegypti,rcp45,2026,May-Oct,65.58704592810406,3318.2813485969473,27
Aedes aegypti,rcp45,2026,Nov-Apr,34.41295407189594,1744.2000081529782,27
Aedes aegypti,rcp45,2027,May-Oct,65.97865747123011,3326.197056052814,27
Aedes aegypti,rcp45,2027,Nov-Apr,34.02134252876989,1722.2920217545422,27
Aedes aegypti,rcp45,2028,May-Oct,66.44026664779973,3350.098093219599,27
Aedes aegypti,rcp45,2028,Nov-Apr,33.55973335220027,1696.6085613697257,27
Aedes aegypti,rcp45,2029,May-Oct,65.58788948283839,3302.731894805452,27
Aedes aegypti,rcp45,2029,Nov-Apr,34.4121105171616,1738.916930712112,27
Aedes aegypti,rcp45,2030,May-Oct,65.81093010825556,3350.309010287646,27
Aedes aegypti,rcp45,2030,Nov-Apr,34.189069891744424,1746.8365893803002,27
Aedes aegypti,rcp45,2031,May-Oct,65.58082743002325,3337.986614527601,27
Aedes aegypti,rcp45,2031,Nov-Apr,34.419172569976745,1757.8633538179097,27
Aedes aegypti,rcp45,2032,May-Oct,65.13250890045124,3377.826918038539,27
Aedes aegypti,rcp45,2032,Nov-Apr,34.86749109954876,1817.7367723934105,27
Aedes aegypti,rcp45,2033,May-Oct,65.62731426325797,3376.3228810201467,27
Aedes aegypti,rcp45,2033,Nov-Apr,34.37268573674202,1775.2119084615817,27
Aedes aegypti,rcp45,2034,May-Oct,65.57329248044317,3371.670958606067,27
Aedes aegypti,rcp45,2034,Nov-Apr,34.42670751955683,1777.3390108744634,27
Aedes aegypti,rcp45,2035,May-Oct,65.65393280644258,3361.0806126229118,27
Aedes aegypti,rcp45,2035,Nov-Apr,34.34606719355742,1767.4027304465158,27
Aedes aegypti,rcp60,2006,May-Oct,66.1373459252185,3225.2587356427034,15
Aedes aegypti,rcp60,2006,Nov-Apr,33.8626540747815,1655.6793368539306,15
Aedes aegypti,rcp60,2007,May-Oct,64.9132999091188,3123.7259927252617,15
Aedes aegypti,rcp60,2007,Nov-Apr,35.08670009088121,1688.274003054273,15
Aedes aegypti,rcp60,2008,May-Oct,65.26619785256725,3246.6691010949385,15
Aedes aegypti,rcp60,2008,Nov-Apr,34.73380214743275,1730.6481277278642,15
Aedes aegypti,rcp60,2009,May-Oct,64.73769579466249,3223.0750977581115,15
Aedes aegypti,rcp60,2009,Nov-Apr,35.262304205337514,1761.2660491019628,15
Aedes aegypti,rcp60,2010,May-Oct,65.47260071127546,3221.1901124794963,15
Aedes aegypti,rcp60,2010,Nov-Apr,34.52739928872453,1702.3855689526104,15
Aedes aegypti,rcp60,2011,May-Oct,65.44496255742139,3233.341789259436,15
Aedes aegypti,rcp60,2011,Nov-Apr,34.55503744257861,1708.9187837857664,15
Aedes aegypti,rcp60,2012,May-Oct,65.98026598023024,3225.5189533218654,15
Aedes aegypti,rcp60,2012,Nov-Apr,34.019734019769764,1670.1321101496385,15
Aedes aegypti,rcp60,2013,May-Oct,66.4296259655601,3253.6065547516055,15
Aedes aegypti,rcp60,2013,Nov-Apr,33.570374034439894,1650.181434641426,15
Aedes aegypti,rcp60,2014,May-Oct,66.42386835980649,3264.1926360022744,15
Aedes aegypti,rcp60,2014,Nov-Apr,33.5761316401935,1655.7683149431193,15
Aedes aegypti,rcp60,2015,May-Oct,65.38965168519798,3222.5121751655674,15
Aedes aegypti,rcp60,2015,Nov-Apr,34.61034831480202,1710.2350380023486,15
Aedes aegypti,rcp60,2016,May-Oct,65.18201039377307,3224.816939767558,15
Aedes aegypti,rcp60,2016,Nov-Apr,34.81798960622693,1729.278824082554,15
Aedes aegypti,rcp60,2017,May-Oct,65.75882140662637,3273.164568215599,15
Aedes aegypti,rcp60,2017,Nov-Apr,34.24117859337363,1707.6223190898902,15
Aedes aegypti,rcp60,2018,May-Oct,66.17735720128172,3231.3017378586014,15
Aedes aegypti,rcp60,2018,Nov-Apr,33.82264279871828,1659.7999859129754,15
Aedes aegypti,rcp60,2019,May-Oct,67.02290861814124,3231.19186142949,15
Aedes aegypti,rcp60,2019,Nov-Apr,32.97709138185875,1594.562298596825,15
Aedes aegypti,rcp60,2020,May-Oct,65.63243147498227,3234.2623972806164,15
Aedes aegypti,rcp60,2020,Nov-Apr,34.36756852501774,1697.7232102309029,15
Aedes aegypti,rcp60,2021,May-Oct,65.72944617976937,3262.38897832949,15
Aedes aegypti,rcp60,2021,Nov-Apr,34.27055382023063,1706.128934302116,15
Aedes aegypti,rcp60,2022,May-Oct,64.95799933188094,3263.1887740919115,15
Aedes aegypti,rcp60,2022,Nov-Apr,35.04200066811906,1768.2952666448505,15
Aedes aegypti,rcp60,2023,May-Oct,65.4030860984107,3324.1650177293127,15
Aedes aegypti,rcp60,2023,Nov-Apr,34.59691390158931,1766.2305637470017,15
Aedes aegypti,rcp60,2024,May-Oct,65.33020497291518,3292.319723654584,15
Aedes aegypti,rcp60,2024,Nov-Apr,34.66979502708482,1755.7126338957191,15
Aedes aegypti,rcp60,2025,May-Oct,66.2825703804412,3282.612181840534,15
Aedes aegypti,rcp60,2025,Nov-Apr,33.71742961955881,1674.3787021908136,15
Aedes aegypti,rcp60,2026,May-Oct,64.89009463381235,3278.4755556841337,15
Aedes aegypti,rcp60,2026,Nov-Apr,35.10990536618764,1777.4798685880412,15
Aedes aegypti,rcp60,2027,May-Oct,65.34283211531702,3314.94829490211,15
Aedes aegypti,rcp60,2027,Nov-Apr,34.65716788468298,1764.7176967450573,15
Aedes aegypti,rcp60,2028,May-Oct,66.40294087118706,3357.202208579506,15
Aedes aegypti,rcp60,2028,Nov-Apr,33.597059128812944,1703.095944437568,15
Aedes aegypti,rcp60,2029,May-Oct,65.9323748378665,3266.355334718418,15
Aedes aegypti,rcp60,2029,Nov-Apr,34.067625162133496,1691.7815467693626,15
Aedes aegypti,rcp60,2030,May-Oct,65.35892183922591,3285.7035980604314,15
Aedes aegypti,rcp60,2030,Nov-Apr,34.641078160774086,1744.3168995964043,15
Aedes aegypti,rcp60,2031,May-Oct,65.81380571159575,3272.530467871273,15
Aedes aegypti,rcp60,2031,Nov-Apr,34.18619428840426,1704.4210555559978,15
Aedes aegypti,rcp60,2032,May-Oct,65.60622624102353,3315.6848302477747,15
Aedes aegypti,rcp60,2032,Nov-Apr,34.39377375897647,1741.7375361722927,15
Aedes aegypti,rcp60,2033,May-Oct,64.84844535453831,3309.204576626931,15
Aedes aegypti,rcp60,2033,Nov-Apr,35.151554645461694,1799.9396005072133,15
Aedes aegypti,rcp60,2034,May-Oct,64.60360927480872,3291.8497446087736,15
Aedes aegypti,rcp60,2034,Nov-Apr,35.39639072519128,1804.2641919003102,15
Aedes aegypti,rcp60,2035,May-Oct,65.57075999035119,3290.04559495365,15
Aedes aegypti,rcp60,2035,Nov-Apr,34.42924000964881,1736.0046487671877,15
Aedes aegypti,rcp85,2006,May-Oct,66.23146678798015,3228.9002776868847,30
Aedes aegypti,rcp85,2006,Nov-Apr,33.768533212019854,1652.6643066932834,30
Aedes aegypti,rcp85,2007,May-Oct,65.59232754055098,3198.3990922721073,30
Aedes aegypti,rcp85,2007,Nov-Apr,34.40767245944901,1683.9944427226947,30
Aedes aegypti,rcp85,2008,May-Oct,66.41860180644503,3217.246737034377,30
Aedes aegypti,rcp85,2008,Nov-Apr,33.58139819355497,1632.7567064242037,30
Aedes aegypti,rcp85,2009,May-Oct,65.42365816920507,3210.1889157927435,30
Aedes aegypti,rcp85,2009,Nov-Apr,34.57634183079493,1700.2023970637647,30
Aedes aegypti,rcp85,2010,May-Oct,66.05719241353084,3243.263427839766,30
Aedes aegypti,rcp85,2010,Nov-Apr,33.94280758646915,1672.5515219302035,30
Aedes aegypti,rcp85,2011,May-Oct,66.44053777287111,3216.09128578294,30
Aedes aegypti,rcp85,2011,Nov-Apr,33.55946222712889,1631.4913101116051,30
Aedes aegypti,rcp85,2012,May-Oct,65.95195808649474,3221.8044671471457,30
Aedes aegypti,rcp85,2012,Nov-Apr,34.04804191350526,1665.717846202279,30
Aedes aegypti,rcp85,2013,May-Oct,65.24080978189518,3218.3961534778814,30
Aedes aegypti,rcp85,2013,Nov-Apr,34.75919021810482,1725.3004563932768,30
Aedes aegypti,rcp85,2014,May-Oct,66.31566351734241,3251.977014120769,30
Aedes aegypti,rcp85,2014,Nov-Apr,33.68433648265759,1658.304609748801,30
Aedes aegypti,rcp85,2015,May-Oct,66.15945499722969,3234.9852824014642,30
Aedes aegypti,rcp85,2015,Nov-Apr,33.84054500277031,1658.030779371393,30
Aedes aegypti,rcp85,2016,May-Oct,65.94051831112638,3261.7932819976154,30
Aedes aegypti,rcp85,2016,Nov-Apr,34.05948168887361,1691.410473471711,30
Aedes aegypti,rcp85,2017,May-Oct,66.27747417254425,3253.9877315388644,30
Aedes aegypti,rcp85,2017,Nov-Apr,33.722525827455755,1660.467795299963,30
Aedes aegypti,rcp85,2018,May-Oct,65.90688054336881,3237.1793096146703,30
Aedes aegypti,rcp85,2018,Nov-Apr,34.093119456631186,1681.8378681396814,30
Aedes aegypti,rcp85,2019,May-Oct,65.48277783158274,3223.686421176382,30
Aedes aegypti,rcp85,2019,Nov-Apr,34.517222168417256,1701.7176588245006,30
Aedes aegypti,rcp85,2020,May-Oct,65.44559107580842,3225.0163560265078,30
Aedes aegypti,rcp85,2020,Nov-Apr,34.55440892419157,1707.8953777238132,30
Aedes aegypti,rcp85,2021,May-Oct,65.1115606623474,3257.845584970104,30
Aedes aegypti,rcp85,2021,Nov-Apr,34.8884393376526,1753.6540566365193,30
Aedes aegypti,rcp85,2022,May-Oct,65.74342795174276,3259.509664223557,30
Aedes aegypti,rcp85,2022,Nov-Apr,34.25657204825724,1704.1780137874973,30
Aedes aegypti,rcp85,2023,May-Oct,65.41936309482418,3298.37183942978,30
Aedes aegypti,rcp85,2023,Nov-Apr,34.58063690517583,1748.2247095426474,30
Aedes aegypti,rcp85,2024,May-Oct,65.89764894575531,3253.1074497239265,30
Aedes aegypti,rcp85,2024,Nov-Apr,34.10235105424469,1687.8941871865234,30
Aedes aegypti,rcp85,2025,May-Oct,65.24271276512864,3288.2318987510935,30
Aedes aegypti,rcp85,2025,Nov-Apr,34.757287234871356,1757.7599592875988,30
Aedes aegypti,rcp85,2026,May-Oct,65.82434105890033,3305.240721451202,30
Aedes aegypti,rcp85,2026,Nov-Apr,34.17565894109966,1722.4468414954952,30
Aedes aegypti,rcp85,2027,May-Oct,65.47128955973957,3288.6222440173938,30
Aedes aegypti,rcp85,2027,Nov-Apr,34.52871044026042,1741.8140071033818,30
Aedes aegypti,rcp85,2028,May-Oct,65.40342817912396,3302.2248813854153,30
Aedes aegypti,rcp85,2028,Nov-Apr,34.59657182087604,1751.597622725158,30
Aedes aegypti,rcp85,2029,May-Oct,65.05318584143365,3309.7598884842487,30
Aedes aegypti,rcp85,2029,Nov-Apr,34.946814158566355,1785.4066190416581,30
Aedes aegypti,rcp85,2030,May-Oct,65.82213165820151,3337.0410430481083,30
Aedes aegypti,rcp85,2030,Nov-Apr,34.17786834179848,1738.3952473093473,30
Aedes aegypti,rcp85,2031,May-Oct,66.02839113516617,3308.4807980603787,30
Aedes aegypti,rcp85,2031,Nov-Apr,33.97160886483383,1712.5723922085758,30
Aedes aegypti,rcp85,2032,May-Oct,65.07664954944745,3296.0273115802324,30
Aedes aegypti,rcp85,2032,Nov-Apr,34.92335045055255,1773.44389500482,30
Aedes aegypti,rcp85,2033,May-Oct,65.13611723795562,3331.733034026698,30
Aedes aegypti,rcp85,2033,Nov-Apr,34.863882762044376,1787.448868071872,30
Aedes aegypti,rcp85,2034,May-Oct,65.76749711386793,3310.0554158051605,30
Aedes aegypti,rcp85,2034,Nov-Apr,34.232502886132075,1728.7489151306083,30
Aedes aegypti,rcp85,2035,May-Oct,65.7283035848875,3309.6169480059866,30
Aedes aegypti,rcp85,2035,Nov-Apr,34.27169641511251,1732.0205932994509,30
Aedes albopictus,historical,2004,May-Oct,63.25773728077944,3786.8647250698014,31
Aedes albopictus,historical,2004,Nov-Apr,36.74226271922056,2200.3047416445534,31
Aedes albopictus,rcp26,2006,May-Oct,63.44596474918946,3794.827002754488,20
Aedes albopictus,rcp26,2006,Nov-Apr,36.55403525081054,2192.022200010094,20
Aedes albopictus,rcp26,2007,May-Oct,62.941140480555724,3763.1785084757707,20
Aedes albopictus,rcp26,2007,Nov-Apr,37.05885951944427,2220.201944185212,20
Aedes albopictus,rcp26,2008,May-Oct,63.1495403307548,3812.928719665614,20
Aedes albopictus,rcp26,2008,Nov-Apr,36.85045966924518,2227.8971175312977,20
Aedes albopictus,rcp26,2009,May-Oct,63.36192742640085,3812.198655351544,20
Aedes albopictus,rcp26,2009,Nov-Apr,36.63807257359916,2207.376763793842,20
Aedes albopictus,rcp26,2010,May-Oct,63.13485546420765,3811.2514857152005,20
Aedes albopictus,rcp26,2010,Nov-Apr,36.865144535792346,2228.5656077412796,20
Aedes albopictus,rcp26,2011,May-Oct,62.63103386948584,3819.013299881318,20
Aedes albopictus,rcp26,2011,Nov-Apr,37.36896613051416,2282.974508856699,20
Aedes albopictus,rcp26,2012,May-Oct,62.82162997801743,3866.367577843363,20
Aedes albopictus,rcp26,2012,Nov-Apr,37.17837002198258,2292.5814969313096,20
Aedes albopictus,rcp26,2013,May-Oct,62.78664211645672,3812.7860537524293,20
Aedes albopictus,rcp26,2013,Nov-Apr,37.21335788354328,2262.285904910363,20
Aedes albopictus,rcp26,2014,May-Oct,62.7947028278445,3885.0848637859053,20
Aedes albopictus,rcp26,2014,Nov-Apr,37.2052971721555,2307.0739592536565,20
Aedes albopictus,rcp26,2015,May-Oct,62.903589015175825,3884.913554174079,20
Aedes albopictus,rcp26,2015,Nov-Apr,37.096410984824175,2294.512117212781,20
Aedes albopictus,rcp26,2016,May-Oct,63.526283643490544,3921.2369431157144,20
Aedes albopictus,rcp26,2016,Nov-Apr,36.473716356509456,2257.8182161229915,20
Aedes albopictus,rcp26,2017,May-Oct,63.0726267150266,3898.945780144906,20
Aedes albopictus,rcp26,2017,Nov-Apr,36.92737328497339,2288.589463549988,20
Aedes albopictus,rcp26,2018,May-Oct,62.28639394108897,3867.2749710823373,20
Aedes albopictus,rcp26,2018,Nov-Apr,37.71360605891104,2351.4629158509247,20
Aedes albopictus,rcp26,2019,May-Oct,62.6919147982898,3874.3368314267937,20
Aedes albopictus,rcp26,2019,Nov-Apr,37.30808520171019,2310.3845442051816,20
Aedes albopictus,rcp26,2020,May-Oct,63.03669246311748,3856.542459285784,20
Aedes albopictus,rcp26,2020,Nov-Apr,36.96330753688251,2264.727335111312,20
Aedes albopictus,rcp26,2021,May-Oct,62.56314555892017,3873.317598605999,20
Aedes albopictus,rcp26,2021,Nov-Apr,37.43685444107984,2320.433010142412,20
Aedes albopictus,rcp26,2022,May-Oct,62.23818095227388,3884.653596493925,20
Aedes albopictus,rcp26,2022,Nov-Apr,37.76181904772612,2363.767441570672,20
Aedes albopictus,rcp26,2023,May-Oct,62.96741800171177,3965.757839100781,20
Aedes albopictus,rcp26,2023,Nov-Apr,37.03258199828824,2337.8964293886684,20
Aedes albopictus,rcp26,2024,May-Oct,62.77266976898727,3915.7692005600593,20
Aedes albopictus,rcp26,2024,Nov-Apr,37.227330231012736,2328.7331982010337,20
Aedes albopictus,rcp26,2025,May-Oct,62.880769067563755,3923.36844013163,20
Aedes albopictus,rcp26,2025,Nov-Apr,37.119230932436245,2324.9542055713955,20
Aedes albopictus,rcp26,2026,May-Oct,62.26224107124094,3920.55110864797,20
Aedes albopictus,rcp26,2026,Nov-Apr,37.737758928759064,2379.936278559436,20
Aedes albopictus,rcp26,2027,May-Oct,62.21361054380681,3945.864059498893,20
Aedes albopictus,rcp26,2027,Nov-Apr,37.78638945619319,2402.0796395884636,20
Aedes albopictus,rcp26,2028,May-Oct,62.000918329276466,3919.216074756789,20
Aedes albopictus,rcp26,2028,Nov-Apr,37.99908167072353,2405.206116000201,20
Aedes albopictus,rcp26,2029,May-Oct,62.30205077953775,3931.0948449094476,20
Aedes albopictus,rcp26,2029,Nov-Apr,37.69794922046225,2385.4346602132937,20
Aedes albopictus,rcp26,2030,May-Oct,63.183851650766144,3945.27898342621,20
Aedes albopictus,rcp26,2030,Nov-Apr,36.81614834923386,2304.667601241326,20
Aedes albopictus,rcp26,2031,May-Oct,62.41663067079594,3966.4534999478537,20
Aedes albopictus,rcp26,2031,Nov-Apr,37.58336932920407,2393.9741099300077,20
Aedes albopictus,rcp26,2032,May-Oct,62.7007703316156,3981.5390767870535,20
Aedes albopictus,rcp26,2032,Nov-Apr,37.2992296683844,2380.5620278375527,20
Aedes albopictus,rcp26,2033,May-Oct,62.87675706820685,3979.8375460409306,20
Aedes albopictus,rcp26,2033,Nov-Apr,37.12324293179314,2357.491672034447,20
Aedes albopictus,rcp26,2034,May-Oct,62.6288930246035,3976.4647475678585,20
Aedes albopictus,rcp26,2034,Nov-Apr,37.3711069753965,2384.058225798525,20
Aedes albopictus,rcp26,2035,May-Oct,61.860740739174126,3981.7610454502997,20
Aedes albopictus,rcp26,2035,Nov-Apr,38.13925926082587,2459.9118612840007,20
Aedes albopictus,rcp45,2006,May-Oct,63.05441946638104,3799.8549456324713,27
Aedes albopictus,rcp45,2006,Nov-Apr,36.94558053361896,2232.4152081413176,27
Aedes albopictus,rcp45,2007,May-Oct,63.64476127617059,3807.0470570588145,27
Aedes albopictus,rcp45,2007,Nov-Apr,36.3552387238294,2178.861157062554,27
Aedes albopictus,rcp45,2008,May-Oct,63.47131042119446,3832.7511755026594,27
Aedes albopictus,rcp45,2008,Nov-Apr,36.52868957880554,2212.551442663701,27
Aedes albopictus,rcp45,2009,May-Oct,63.084821839079545,3776.2007225934058,27
Aedes albopictus,rcp45,2009,Nov-Apr,36.91517816092045,2214.157132261872,27
Aedes albopictus,rcp45,2010,May-Oct,63.399998736934975,3830.6328968040702,27
Aedes albopictus,rcp45,2010,Nov-Apr,36.600001263065025,2214.02775011253,27
Aedes albopictus,rcp45,2011,May-Oct,63.60691405610338,3821.78199931473,27
Aedes albopictus,rcp45,2011,Nov-Apr,36.39308594389662,2192.795855646022,27
Aedes albopictus,rcp45,2012,May-Oct,63.185925298323404,3817.02223344289,27
Aedes albopictus,rcp45,2012,Nov-Apr,36.814074701676596,2225.6201645764118,27
Aedes albopictus,rcp45,2013,May-Oct,62.69735036143138,3815.9452551083273,27
Aedes albopictus,rcp45,2013,Nov-Apr,37.30264963856862,2274.8204789432048,27
Aedes albopictus,rcp45,2014,May-Oct,63.01732258961674,3846.332713562809,27
Aedes albopictus,rcp45,2014,Nov-Apr,36.98267741038326,2262.5157182526377,27
Aedes albopictus,rcp45,2015,May-Oct,62.86530205855182,3839.8935502664885,27
Aedes albopictus,rcp45,2015,Nov-Apr,37.13469794144818,2274.836985430319,27
Aedes albopictus,rcp45,2016,May-Oct,62.59163907413353,3852.9517923736507,27
Aedes albopictus,rcp45,2016,Nov-Apr,37.40836092586647,2305.139853974351,27
Aedes albopictus,rcp45,2017,May-Oct,63.64895367457871,3890.686381638115,27
Aedes albopictus,rcp45,2017,Nov-Apr,36.35104632542128,2228.4155920867383,27
Aedes albopictus,rcp45,2018,May-Oct,63.055419115164575,3863.5923326009597,27
Aedes albopictus,rcp45,2018,Nov-Apr,36.944580884835425,2267.47717748406,27
Aedes albopictus,rcp45,2019,May-Oct,62.855399510789,3842.487620797509,27
Aedes albopictus,rcp45,2019,Nov-Apr,37.144600489211,2272.6922586235073,27
Aedes albopictus,rcp45,2020,May-Oct,63.149598113033434,3874.887279477741,27
Aedes albopictus,rcp45,2020,Nov-Apr,36.850401886966566,2265.937282646604,27
Aedes albopictus,rcp45,2021,May-Oct,63.031192701568614,3871.597214902883,27
Aedes albopictus,rcp45,2021,Nov-Apr,36.96880729843139,2275.4248996716033,27
Aedes albopictus,rcp45,2022,May-Oct,63.40860466806886,3885.7980453795053,27
Aedes albopictus,rcp45,2022,Nov-Apr,36.59139533193114,2248.073773104008,27
Aedes albopictus,rcp45,2023,May-Oct,63.2079206961644,3842.6429773362875,27
Aedes albopictus,rcp45,2023,Nov-Apr,36.7920793038356,2244.351237010927,27
Aedes albopictus,rcp45,2024,May-Oct,62.86464109149336,3886.8745715213777,27
Aedes albopictus,rcp45,2024,Nov-Apr,37.13535890850664,2300.280835470781,27
Aedes albopictus,rcp45,2025,May-Oct,63.12840474051985,3923.025480800104,27
Aedes albopictus,rcp45,2025,Nov-Apr,36.87159525948015,2296.0033330455444,27
Aedes albopictus,rcp45,2026,May-Oct,62.803940555487216,3907.0813485969475,27
Aedes albopictus,rcp45,2026,Nov-Apr,37.19605944451279,2316.592098185044,27
Aedes albopictus,rcp45,2027,May-Oct,63.0980279226572,3914.997056052814,27
Aedes albopictus,rcp45,2027,Nov-Apr,36.9019720773428,2295.5348074250196,27
Aedes albopictus,rcp45,2028,May-Oct,63.503233313934984,3938.898093219599,27
Aedes albopictus,rcp45,2028,Nov-Apr,36.496766686065016,2267.5703763439574,27
Aedes albopictus,rcp45,2029,May-Oct,62.78180189899751,3891.5318948054523,27
Aedes albopictus,rcp45,2029,Nov-Apr,37.21819810100249,2311.834925603396,27
Aedes albopictus,rcp45,2030,May-Oct,62.971818433392976,3939.109010287646,27
Aedes albopictus,rcp45,2030,Nov-Apr,37.02818156660703,2321.3144693802765,27
Aedes albopictus,rcp45,2031,May-Oct,62.807470320884846,3926.7866145276016,27
Aedes albopictus,rcp45,2031,Nov-Apr,37.192529679115154,2330.322793622022,27
Aedes albopictus,rcp45,2032,May-Oct,62.45570206862199,3966.6269180385393,27
Aedes albopictus,rcp45,2032,Nov-Apr,37.54429793137802,2392.070453276784,27
Aedes albopictus,rcp45,2033,May-Oct,62.84733801670001,3965.122881020147,27
Aedes albopictus,rcp45,2033,Nov-Apr,37.15266198329999,2349.638398305649,27
Aedes albopictus,rcp45,2034,May-Oct,62.80623332434494,3960.470958606067,27
Aedes albopictus,rcp45,2034,Nov-Apr,37.19376667565506,2351.1831552418425,27
Aedes albopictus,rcp45,2035,May-Oct,62.85240255669173,3949.880612622912,27
Aedes albopictus,rcp45,2035,Nov-Apr,37.14759744330828,2341.818110342149,27
Aedes albopictus,rcp60,2006,May-Oct,63.16184950863943,3814.0587356427036,15
Aedes albopictus,rcp60,2006,Nov-Apr,36.83815049136057,2228.068063188681,15
Aedes albopictus,rcp60,2007,May-Oct,62.1488109662412,3712.525992725262,15
Aedes albopictus,rcp60,2007,Nov-Apr,37.8511890337588,2260.7376253584243,15
Aedes albopictus,rcp60,2008,May-Oct,62.480499908022736,3835.469101094939,15
Aedes albopictus,rcp60,2008,Nov-Apr,37.519500091977264,2305.526957962896,15
Aedes albopictus,rcp60,2009,May-Oct,62.07110071745449,3811.8750977581117,15
Aedes albopictus,rcp60,2009,Nov-Apr,37.92889928254551,2333.883478438686,15
Aedes albopictus,rcp60,2010,May-Oct,62.647617694760626,3809.990112479497,15
Aedes albopictus,rcp60,2010,Nov-Apr,37.352382305239374,2274.515968369477,15
Aedes albopictus,rcp60,2011,May-Oct,62.66976875887074,3822.141789259437,15
Aedes albopictus,rcp60,2011,Nov-Apr,37.33023124112926,2278.1762376110582,15
Aedes albopictus,rcp60,2012,May-Oct,63.07863159170715,3814.318953321866,15
Aedes albopictus,rcp60,2012,Nov-Apr,36.92136840829285,2238.468381035246,15
Aedes albopictus,rcp60,2013,May-Oct,63.42410957749571,3842.406554751606,15
Aedes albopictus,rcp60,2013,Nov-Apr,36.57589042250429,2220.8350762995233,15
Aedes albopictus,rcp60,2014,May-Oct,63.41033595373869,3852.9926360022746,15
Aedes albopictus,rcp60,2014,Nov-Apr,36.58966404626131,2227.888413565127,15
Aedes albopictus,rcp60,2015,May-Oct,62.58950415583636,3811.3121751655676,15
Aedes albopictus,rcp60,2015,Nov-Apr,37.41049584416364,2281.539871876575,15
Aedes albopictus,rcp60,2016,May-Oct,62.41544659285231,3813.6169397675576,15
Aedes albopictus,rcp60,2016,Nov-Apr,37.584553407147695,2301.824489965193,15
Aedes albopictus,rcp60,2017,May-Oct,62.87901165758174,3861.964568215599,15
Aedes albopictus,rcp60,2017,Nov-Apr,37.12098834241826,2282.549941632546,15
Aedes albopictus,rcp60,2018,May-Oct,63.17726775822539,3820.101737858602,15
Aedes albopictus,rcp60,2018,Nov-Apr,36.82273224177461,2232.9607693019125,15
Aedes albopictus,rcp60,2019,May-Oct,63.90277558845575,3819.99186142949,15
Aedes albopictus,rcp60,2019,Nov-Apr,36.09722441154425,2162.1571061224563,15
Aedes albopictus,rcp60,2020,May-Oct,62.792131191588076,3823.0623972806166,15
Aedes albopictus,rcp60,2020,Nov-Apr,37.207868808411924,2268.6475478274715,15
Aedes albopictus,rcp60,2021,May-Oct,62.86036313544689,3851.18897832949,15
Aedes albopictus,rcp60,2021,Nov-Apr,37.13963686455311,2279.7128890337895,15
Aedes albopictus,rcp60,2022,May-Oct,62.2572364150512,3851.9887740919116,15
Aedes albopictus,rcp60,2022,Nov-Apr,37.7427635849488,2341.808176744961,15
Aedes albopictus,rcp60,2023,May-Oct,62.64507289225719,3912.965017729313,15
Aedes albopictus,rcp60,2023,Nov-Apr,37.35492710774281,2339.60342637545,15
Aedes albopictus,rcp60,2024,May-Oct,62.585996346456724,3881.119723654584,15
Aedes albopictus,rcp60,2024,Nov-Apr,37.414003653543276,2327.335913577663,15
Aedes albopictus,rcp60,2025,May-Oct,63.31395425059689,3871.4121818405342,15
Aedes albopictus,rcp60,2025,Nov-Apr,36.686045749403114,2247.022970504901,15
Aedes albopictus,rcp60,2026,May-Oct,62.199227376052214,3867.275555684134,15
Aedes albopictus,rcp60,2026,Nov-Apr,37.80077262394778,2353.0322804276557,15
Aedes albopictus,rcp60,2027,May-Oct,62.61543777113335,3903.74829490211,15
Aedes albopictus,rcp60,2027,Nov-Apr,37.38456222886665,2336.338608567259,15
Aedes albopictus,rcp60,2028,May-Oct,63.49312474057623,3946.0022085795063,15
Aedes albopictus,rcp60,2028,Nov-Apr,36.50687525942377,2272.7195141569337,15
Aedes albopictus,rcp60,2029,May-Oct,63.02671508862815,3855.1553347184176,15
Aedes albopictus,rcp60,2029,Nov-Apr,36.97328491137185,2264.7426273371984,15
Aedes albopictus,rcp60,2030,May-Oct,62.62495701803879,3874.5035980604316,15
Aedes albopictus,rcp60,2030,Nov-Apr,37.375042981961215,2314.7822302046325,15
Aedes albopictus,rcp60,2031,May-Oct,62.98413008481914,3861.330467871273,15
Aedes albopictus,rcp60,2031,Nov-Apr,37.01586991518086,2273.4394576913564,15
Aedes albopictus,rcp60,2032,May-Oct,62.78346131935,3904.484830247775,15
Aedes albopictus,rcp60,2032,Nov-Apr,37.216538680650004,2317.144493277004,15
Aedes albopictus,rcp60,2033,May-Oct,62.19142683133348,3898.004576626932,15
Aedes albopictus,rcp60,2033,Nov-Apr,37.80857316866652,2374.7233117300007,15
Aedes albopictus,rcp60,2034,May-Oct,62.008611862306594,3880.6497446087737,15
Aedes albopictus,rcp60,2034,Nov-Apr,37.991388137693406,2378.0690046572304,15
Aedes albopictus,rcp60,2035,May-Oct,62.75021703882534,3878.84559495365,15
Aedes albopictus,rcp60,2035,Nov-Apr,37.24978296117466,2309.7171198898204,15
Aedes albopictus,rcp85,2006,May-Oct,63.23456945200993,3817.7002776868844,30
Aedes albopictus,rcp85,2006,Nov-Apr,36.76543054799007,2224.7904297501896,30
Aedes albopictus,rcp85,2007,May-Oct,62.7400864902811,3787.199092272108,30
Aedes albopictus,rcp85,2007,Nov-Apr,37.2599135097189,2254.277529731029,30
Aedes albopictus,rcp85,2008,May-Oct,63.40888826564849,3806.0467370343767,30
Aedes albopictus,rcp85,2008,Nov-Apr,36.59111173435151,2201.2589518265822,30
Aedes albopictus,rcp85,2009,May-Oct,62.61186202760578,3798.9889157927437,30
Aedes albopictus,rcp85,2009,Nov-Apr,37.38813797239422,2271.4164276922816,30
Aedes albopictus,rcp85,2010,May-Oct,63.10459306001682,3832.0634278397656,30
Aedes albopictus,rcp85,2010,Nov-Apr,36.89540693998318,2245.399811718882,30
Aedes albopictus,rcp85,2011,May-Oct,63.389540527474914,3804.8912857829405,30
Aedes albopictus,rcp85,2011,Nov-Apr,36.610459472525086,2203.344997491448,30
Aedes albopictus,rcp85,2012,May-Oct,63.02853136423568,3810.604467147146,30
Aedes albopictus,rcp85,2012,Nov-Apr,36.97146863576432,2237.199564138158,30
Aedes albopictus,rcp85,2013,May-Oct,62.481420775106514,3807.1961534778816,30
Aedes albopictus,rcp85,2013,Nov-Apr,37.518579224893486,2295.1043733287456,30
Aedes albopictus,rcp85,2014,May-Oct,63.35298544649605,3840.7770141207698,30
Aedes albopictus,rcp85,2014,Nov-Apr,36.64701455350395,2227.387861229965,30
Aedes albopictus,rcp85,2015,May-Oct,63.19239129637564,3823.785282401464,30
Aedes albopictus,rcp85,2015,Nov-Apr,36.80760870362436,2229.996332818986,30
Aedes albopictus,rcp85,2016,May-Oct,63.04168196711799,3850.5932819976156,30
Aedes albopictus,rcp85,2016,Nov-Apr,36.95831803288201,2262.8594692321717,30
Aedes albopictus,rcp85,2017,May-Oct,63.310152870984,3842.7877315388646,30
Aedes albopictus,rcp85,2017,Nov-Apr,36.689847129016,2231.0590943404322,30
Aedes albopictus,rcp85,2018,May-Oct,63.004041843448235,3825.97930961467,30
Aedes albopictus,rcp85,2018,Nov-Apr,36.995958156551765,2252.8039238442184,30
Aedes albopictus,rcp85,2019,May-Oct,62.63768506282191,3812.486421176382,30
Aedes albopictus,rcp85,2019,Nov-Apr,37.36231493717809,2275.9438245034917,30
Aedes albopictus,rcp85,2020,May-Oct,62.617330526538154,3813.816356026508,30
Aedes albopictus,rcp85,2020,Nov-Apr,37.38266947346184,2281.0356543940175,30
Aedes albopictus,rcp85,2021,May-Oct,62.37678943543663,3846.6455849701038,30
Aedes albopictus,rcp85,2021,Nov-Apr,37.62321056456337,2326.6128297280698,30
Aedes albopictus,rcp85,2022,May-Oct,62.88363711240133,3848.309664223557,30
Aedes albopictus,rcp85,2022,Nov-Apr,37.11636288759867,2276.195227430454,30
Aedes albopictus,rcp85,2023,May-Oct,62.63731065063941,3887.17183942978,30
Aedes albopictus,rcp85,2023,Nov-Apr,37.36268934936059,2322.221700889368,30
Aedes albopictus,rcp85,2024,May-Oct,62.989764170131394,3841.9074497239267,30
Aedes albopictus,rcp85,2024,Nov-Apr,37.010235829868606,2260.8832179279057,30
Aedes albopictus,rcp85,2025,May-Oct,62.50541606070657,3877.031898751093,30
Aedes albopictus,rcp85,2025,Nov-Apr,37.494583939293435,2330.6806725487677,30
Aedes albopictus,rcp85,2026,May-Oct,62.947334947074836,3894.0407214512024,30
Aedes albopictus,rcp85,2026,Nov-Apr,37.052665052925164,2297.291674594466,30
Aedes albopictus,rcp85,2027,May-Oct,62.681890933444585,3877.4222440173935,30
Aedes albopictus,rcp85,2027,Nov-Apr,37.31810906655541,2314.6997067430275,30
Aedes albopictus,rcp85,2028,May-Oct,62.61899481268588,3891.024881385415,30
Aedes albopictus,rcp85,2028,Nov-Apr,37.38100518731412,2326.659272158368,30
Aedes albopictus,rcp85,2029,May-Oct,62.359108583039955,3898.5598884842484,30
Aedes albopictus,rcp85,2029,Nov-Apr,37.640891416960045,2359.50573970171,30
Aedes albopictus,rcp85,2030,May-Oct,62.97587100482421,3925.8410430481085,30
Aedes albopictus,rcp85,2030,Nov-Apr,37.02412899517579,2312.6212266654306,30
Aedes albopictus,rcp85,2031,May-Oct,63.103882155618535,3897.280798060379,30
Aedes albopictus,rcp85,2031,Nov-Apr,36.896117844381465,2287.0802952628464,30
Aedes albopictus,rcp85,2032,May-Oct,62.367509181499834,3884.8273115802326,30
Aedes albopictus,rcp85,2032,Nov-Apr,37.63249081850016,2347.6975556681728,30
Aedes albopictus,rcp85,2033,May-Oct,62.440597165226315,3920.5330340266983,30
Aedes albopictus,rcp85,2033,Nov-Apr,37.559402834773685,2361.5434214756383,30
Aedes albopictus,rcp85,2034,May-Oct,62.94582529539058,3898.855415805161,30
Aedes albopictus,rcp85,2034,Nov-Apr,37.05417470460942,2299.9818056711074,30
Aedes albopictus,rcp85,2035,May-Oct,62.91578418998723,3898.416948005987,30
Aedes albopictus,rcp85,2035,Nov-Apr,37.08421581001277,2303.131013505354,30
Cockroach,historical,2004,May-Oct,77.34448991430706,2002.0647250698014,31
Cockroach,historical,2004,Nov-Apr,22.65551008569293,587.1335349162863,31
Cockroach,rcp26,2006,May-Oct,77.62283992651092,2010.0270027544877,20
Cockroach,rcp26,2006,Nov-Apr,22.377160073489073,586.1336120933453,20
Cockroach,rcp26,2007,May-Oct,76.53297844791548,1978.3785084757703,20
Cockroach,rcp26,2007,Nov-Apr,23.467021552084525,612.702510654712,20
Cockroach,rcp26,2008,May-Oct,76.24256953173168,2028.128719665614,20
Cockroach,rcp26,2008,Nov-Apr,23.75743046826833,637.3572005995518,20
Cockroach,rcp26,2009,May-Oct,77.38222131989373,2027.3986553515438,20
Cockroach,rcp26,2009,Nov-Apr,22.617778680106262,596.5292302522188,20
Cockroach,rcp26,2010,May-Oct,76.61053841854533,2026.4514857152003,20
Cockroach,rcp26,2010,Nov-Apr,23.38946158145467,621.8797729056382,20
Cockroach,rcp26,2011,May-Oct,75.59066003785652,2034.2132998813177,20
Cockroach,rcp26,2011,Nov-Apr,24.409339962143473,661.4999652074451,20
Cockroach,rcp26,2012,May-Oct,75.93915420018378,2081.5675778433624,20
Cockroach,rcp26,2012,Nov-Apr,24.060845799816217,665.2943167742462,20
Cockroach,rcp26,2013,May-Oct,75.79358666846142,2028.0406056274292,20
Cockroach,rcp26,2013,Nov-Apr,24.20641333153859,650.4933785536634,20
Cockroach,rcp26,2014,May-Oct,75.85289165368279,2100.284863785905,20
Cockroach,rcp26,2014,Nov-Apr,24.14710834631721,677.2205945591022,20
Cockroach,rcp26,2015,May-Oct,75.71329362896515,2100.113554174079,20
Cockroach,rcp26,2015,Nov-Apr,24.286706371034846,679.6659184801204,20
Cockroach,rcp26,2016,May-Oct,76.89900120099011,2136.4369431157147,20
Cockroach,rcp26,2016,Nov-Apr,23.100998799009894,648.7916729427607,20
Cockroach,rcp26,2017,May-Oct,76.10420414013885,2114.2090413949054,20
Cockroach,rcp26,2017,Nov-Apr,23.89579585986115,671.5141030811693,20
Cockroach,rcp26,2018,May-Oct,74.60230399946003,2082.55228629067,20
Cockroach,rcp26,2018,Nov-Apr,25.397696000539963,720.3799476911905,20
Cockroach,rcp26,2019,May-Oct,75.39198272300969,2089.545630385127,20
Cockroach,rcp26,2019,Nov-Apr,24.608017276990314,688.9254347132647,20
Cockroach,rcp26,2020,May-Oct,76.21996336170527,2071.765208244117,20
Cockroach,rcp26,2020,Nov-Apr,23.78003663829474,650.5925396434372,20
Cockroach,rcp26,2021,May-Oct,75.32056437256358,2088.517598605999,20
Cockroach,rcp26,2021,Nov-Apr,24.679435627436423,689.4452961776608,20
Cockroach,rcp26,2022,May-Oct,74.73327310710269,2099.8535964939247,20
Cockroach,rcp26,2022,Nov-Apr,25.266726892897317,719.9581135412509,20
Cockroach,rcp26,2023,May-Oct,75.75365717760458,2180.957839100781,20
Cockroach,rcp26,2023,Nov-Apr,24.24634282239542,706.0554842968917,20
Cockroach,rcp26,2024,May-Oct,75.65086188882296,2130.9692005600587,20
Cockroach,rcp26,2024,Nov-Apr,24.349138111177034,695.6883487719431,20
Cockroach,rcp26,2025,May-Oct,75.35009209289537,2138.5684401316294,20
Cockroach,rcp26,2025,Nov-Apr,24.64990790710464,710.4681804542531,20
Cockroach,rcp26,2026,May-Oct,74.87606559087938,2135.75110864797,20
Cockroach,rcp26,2026,Nov-Apr,25.12393440912062,721.6211610949831,20
Cockroach,rcp26,2027,May-Oct,74.23905625136972,2161.064059498893,20
Cockroach,rcp26,2027,Nov-Apr,25.76094374863028,757.4534816408948,20
Cockroach,rcp26,2028,May-Oct,73.8160599702617,2134.416074756789,20
Cockroach,rcp26,2028,Nov-Apr,26.183940029738302,761.6623671797886,20
Cockroach,rcp26,2029,May-Oct,74.6290879466786,2146.3121588677805,20
Cockroach,rcp26,2029,Nov-Apr,25.370912053321415,739.6807514289552,20
Cockroach,rcp26,2030,May-Oct,76.09056917949013,2160.478983426209,20
Cockroach,rcp26,2030,Nov-Apr,23.90943082050987,685.5453578767571,20
Cockroach,rcp26,2031,May-Oct,74.87594362369344,2181.653499947853,20
Cockroach,rcp26,2031,Nov-Apr,25.124056376306555,740.3583296992665,20
Cockroach,rcp26,2032,May-Oct,75.25809066093937,2196.7951397037205,20
Cockroach,rcp26,2032,Nov-Apr,24.741909339060626,738.6707900361966,20
Cockroach,rcp26,2033,May-Oct,75.71921293381145,2195.03754604093,20
Cockroach,rcp26,2033,Nov-Apr,24.28078706618855,716.6798184400452,20
Cockroach,rcp26,2034,May-Oct,74.62087434471526,2191.6647475678583,20
Cockroach,rcp26,2034,Nov-Apr,25.37912565528474,762.9718170002224,20
Cockroach,rcp26,2035,May-Oct,73.57013844934099,2196.9610454502995,20
Cockroach,rcp26,2035,Nov-Apr,26.429861550659005,795.7628342087131,20
Cockroach,rcp45,2006,May-Oct,76.66763314794204,2015.054945632471,27
Cockroach,rcp45,2006,Nov-Apr,23.332366852057955,620.8300856830531,27
Cockroach,rcp45,2007,May-Oct,77.42989882371242,2022.2970325217773,27
Cockroach,rcp45,2007,Nov-Apr,22.57010117628758,594.3735149248477,27
Cockroach,rcp45,2008,May-Oct,76.67577611720047,2047.9547784347583,27
Cockroach,rcp45,2008,Nov-Apr,23.324223882799522,630.8205284238779,27
Cockroach,rcp45,2009,May-Oct,76.60323081673316,1991.4007225934056,27
Cockroach,rcp45,2009,Nov-Apr,23.396769183266834,613.6366024887104,27
Cockroach,rcp45,2010,May-Oct,76.96462519755552,2045.83289680407,27
Cockroach,rcp45,2010,Nov-Apr,23.03537480244447,616.1728151827068,27
Cockroach,rcp45,2011,May-Oct,77.17444695436676,2036.984518296211,27
Cockroach,rcp45,2011,Nov-Apr,22.82555304563325,609.270720171672,27
Cockroach,rcp45,2012,May-Oct,76.89504265538997,2032.2222334428895,27
Cockroach,rcp45,2012,Nov-Apr,23.104957344610035,613.8555303632427,27
Cockroach,rcp45,2013,May-Oct,75.86345498888608,2031.1452551083275,27
Cockroach,rcp45,2013,Nov-Apr,24.13654501111392,652.6039568857368,27
Cockroach,rcp45,2014,May-Oct,76.08660910181827,2061.554805383797,27
Cockroach,rcp45,2014,Nov-Apr,23.913390898181724,654.6722999392122,27
Cockroach,rcp45,2015,May-Oct,76.25457826528582,2055.227792396118,27
Cockroach,rcp45,2015,Nov-Apr,23.745421734714196,650.3108727093208,27
Cockroach,rcp45,2016,May-Oct,75.37545711932728,2068.1517923736506,27
Cockroach,rcp45,2016,Nov-Apr,24.62454288067272,678.0792661908567,27
Cockroach,rcp45,2017,May-Oct,77.34868960720935,2105.886381638115,27
Cockroach,rcp45,2017,Nov-Apr,22.651310392790645,623.8784891451236,27
Cockroach,rcp45,2018,May-Oct,76.37575953576139,2078.7923326009595,27
Cockroach,rcp45,2018,Nov-Apr,23.62424046423861,648.8624865957063,27
Cockroach,rcp45,2019,May-Oct,76.14102461242796,2057.6876207975088,27
Cockroach,rcp45,2019,Nov-Apr,23.858975387572034,648.1154527326472,27
Cockroach,rcp45,2020,May-Oct,76.54402821008888,2090.08727947774,27
Cockroach,rcp45,2020,Nov-Apr,23.455971789911114,648.7799849264018,27
Cockroach,rcp45,2021,May-Oct,75.994441018559,2086.797214902883,27
Cockroach,rcp45,2021,Nov-Apr,24.005558981440988,664.3312231614349,27
Cockroach,rcp45,2022,May-Oct,76.92325195921075,2101.089272231357,27
Cockroach,rcp45,2022,Nov-Apr,23.07674804078926,636.9733005516849,27
Cockroach,rcp45,2023,May-Oct,76.3172761588154,2057.8429773362873,27
Cockroach,rcp45,2023,Nov-Apr,23.682723841184586,646.8843932482331,27
Cockroach,rcp45,2024,May-Oct,75.83199273045612,2102.074571521378,27
Cockroach,rcp45,2024,Nov-Apr,24.16800726954389,677.3907052965743,27
Cockroach,rcp45,2025,May-Oct,76.07669046631146,2138.225480800104,27
Cockroach,rcp45,2025,Nov-Apr,23.923309533688528,677.4873101820046,27
Cockroach,rcp45,2026,May-Oct,75.53176066682038,2122.2813485969473,27
Cockroach,rcp45,2026,Nov-Apr,24.46823933317962,690.3864487258585,27
Cockroach,rcp45,2027,May-Oct,76.31268408370514,2130.197056052814,27
Cockroach,rcp45,2027,Nov-Apr,23.68731591629487,668.507576683712,27
Cockroach,rcp45,2028,May-Oct,76.75462546806628,2154.098093219599,27
Cockroach,rcp45,2028,Nov-Apr,23.24537453193372,656.475386196332,27
Cockroach,rcp45,2029,May-Oct,75.75106111069908,2106.731894805452,27
Cockroach,rcp45,2029,Nov-Apr,24.248938889300916,681.8613790601028,27
Cockroach,rcp45,2030,May-Oct,75.98002680519086,2154.309010287646,27
Cockroach,rcp45,2030,Nov-Apr,24.019973194809136,688.0470647185307,27
Cockroach,rcp45,2031,May-Oct,75.47498258399281,2141.9866145276014,27
Cockroach,rcp45,2031,Nov-Apr,24.525017416007184,701.5666799799925,27
Cockroach,rcp45,2032,May-Oct,74.92477352441075,2181.826918038539,27
Cockroach,rcp45,2032,Nov-Apr,25.075226475589254,741.6174055987499,27
Cockroach,rcp45,2033,May-Oct,75.77132956401763,2180.361291359653,27
Cockroach,rcp45,2033,Nov-Apr,24.228670435982366,705.7619966633496,27
Cockroach,rcp45,2034,May-Oct,75.5982206821616,2175.670958606067,27
Cockroach,rcp45,2034,Nov-Apr,24.401779317838404,709.115507926391,27
Cockroach,rcp45,2035,May-Oct,75.75947216812071,2165.140333301924,27
Cockroach,rcp45,2035,Nov-Apr,24.24052783187929,703.1327341463563,27
Cockroach,rcp60,2006,May-Oct,76.48919752544582,2029.2587356427034,15
Cockroach,rcp60,2006,Nov-Apr,23.510802474554186,627.5028966791501,15
Cockroach,rcp60,2007,May-Oct,75.07777936056695,1927.7780805030393,15
Cockroach,rcp60,2007,Nov-Apr,24.922220639433053,639.6828399806521,15
Cockroach,rcp60,2008,May-Oct,75.70694571438327,2050.706184983828,15
Cockroach,rcp60,2008,Nov-Apr,24.293054285616723,660.1952770028457,15
Cockroach,rcp60,2009,May-Oct,74.7053911297075,2027.0750977581115,15
Cockroach,rcp60,2009,Nov-Apr,25.294608870292503,692.9355126876998,15
Cockroach,rcp60,2010,May-Oct,75.9894795589424,2025.2309444239409,15
Cockroach,rcp60,2010,Nov-Apr,24.01052044105759,643.9890205730525,15
Cockroach,rcp60,2011,May-Oct,75.51830289262766,2037.450813148325,15
Cockroach,rcp60,2011,Nov-Apr,24.481697107372337,662.152830408073,15
Cockroach,rcp60,2012,May-Oct,76.46202641508948,2029.5189533218654,15
Cockroach,rcp60,2012,Nov-Apr,23.53797358491051,634.019726842123,15
Cockroach,rcp60,2013,May-Oct,77.11308964725775,2057.633651973828,15
Cockroach,rcp60,2013,Nov-Apr,22.886910352742255,616.6728822289351,15
Cockroach,rcp60,2014,May-Oct,77.22266026967989,2068.1926360022744,15
Cockroach,rcp60,2014,Nov-Apr,22.777339730320104,614.9249208097292,15
Cockroach,rcp60,2015,May-Oct,75.71152622987395,2026.5121751655672,15
Cockroach,rcp60,2015,Nov-Apr,24.288473770126036,655.6139981004391,15
Cockroach,rcp60,2016,May-Oct,75.117411327521,2028.9069369897798,15
Cockroach,rcp60,2016,Nov-Apr,24.882588672479,679.91811596234,15
Cockroach,rcp60,2017,May-Oct,76.19533485868305,2077.164568215599,15
Cockroach,rcp60,2017,Nov-Apr,23.804665141316953,652.3782071858597,15
Cockroach,rcp60,2018,May-Oct,76.88448317392331,2035.5076284141574,15
Cockroach,rcp60,2018,Nov-Apr,23.1155168260767,620.990679307827,15
Cockroach,rcp60,2019,May-Oct,78.22375274116024,2035.267446707268,15
Cockroach,rcp60,2019,Nov-Apr,21.776247258839764,570.6753082057828,15
Cockroach,rcp60,2020,May-Oct,75.88234782007869,2038.2623972806166,15
Cockroach,rcp60,2020,Nov-Apr,24.117652179921308,652.6673257623975,15
Cockroach,rcp60,2021,May-Oct,75.95969029251984,2066.38897832949,15
Cockroach,rcp60,2021,Nov-Apr,24.040309707480166,658.2770050415654,15
Cockroach,rcp60,2022,May-Oct,74.59752993553938,2067.1887740919115,15
Cockroach,rcp60,2022,Nov-Apr,25.40247006446061,712.4566770075832,15
Cockroach,rcp60,2023,May-Oct,75.01361944484327,2128.1650177293127,15
Cockroach,rcp60,2023,Nov-Apr,24.986380555156735,718.6593915397257,15
Cockroach,rcp60,2024,May-Oct,75.3585232919676,2096.319723654584,15
Cockroach,rcp60,2024,Nov-Apr,24.64147670803241,695.002501321125,15
Cockroach,rcp60,2025,May-Oct,77.03215923182384,2086.711265729423,15
Cockroach,rcp60,2025,Nov-Apr,22.967840768176156,626.8286867019561,15
Cockroach,rcp60,2026,May-Oct,75.01012188131585,2082.4755556841333,15
Cockroach,rcp60,2026,Nov-Apr,24.989878118684143,697.9266033216143,15
Cockroach,rcp60,2027,May-Oct,75.16164180472563,2118.94829490211,15
Cockroach,rcp60,2027,Nov-Apr,24.83835819527436,706.6799021167114,15
Cockroach,rcp60,2028,May-Oct,76.87934195501978,2161.202208579506,15
Cockroach,rcp60,2028,Nov-Apr,23.120658044980225,655.0354534940292,15
Cockroach,rcp60,2029,May-Oct,76.01801271338735,2070.3553347184175,15
Cockroach,rcp60,2029,Nov-Apr,23.98198728661265,655.6909274791713,15
Cockroach,rcp60,2030,May-Oct,75.25196429042792,2089.7035980604314,15
Cockroach,rcp60,2030,Nov-Apr,24.74803570957208,689.7289738905635,15
Cockroach,rcp60,2031,May-Oct,76.16787638617134,2076.530467871273,15
Cockroach,rcp60,2031,Nov-Apr,23.832123613828664,653.599905579173,15
Cockroach,rcp60,2032,May-Oct,76.079882751142,2119.709451081108,15
Cockroach,rcp60,2032,Nov-Apr,23.920117248857995,671.1689343924888,15
Cockroach,rcp60,2033,May-Oct,74.75154886355614,2113.2045766269316,15
Cockroach,rcp60,2033,Nov-Apr,25.248451136443855,720.2160407861685,15
Cockroach,rcp60,2034,May-Oct,74.46489657152958,2095.8497446087736,15
Cockroach,rcp60,2034,Nov-Apr,25.53510342847043,719.4723102849919,15
Cockroach,rcp60,2035,May-Oct,75.6321009673593,2094.04559495365,15
Cockroach,rcp60,2035,Nov-Apr,24.367899032640693,683.3158512812166,15
Cockroach,rcp85,2006,May-Oct,76.9462791167788,2033.0653354646622,30
Cockroach,rcp85,2006,Nov-Apr,23.053720883221214,616.538925984008,30
Cockroach,rcp85,2007,May-Oct,75.86300473456238,2002.3990922721073,30
Cockroach,rcp85,2007,Nov-Apr,24.136995265437616,643.7469957702635,30
Cockroach,rcp85,2008,May-Oct,76.9763323710892,2021.2614374510435,30
Cockroach,rcp85,2008,Nov-Apr,23.023667628910808,610.9911294168571,30
Cockroach,rcp85,2009,May-Oct,75.45625972791605,2014.1940728760767,30
Cockroach,rcp85,2009,Nov-Apr,24.543740272083937,659.1513497637391,30
Cockroach,rcp85,2010,May-Oct,76.76030574078375,2047.2634278397659,30
Cockroach,rcp85,2010,Nov-Apr,23.239694259216243,625.4537448722746,30
Cockroach,rcp85,2011,May-Oct,77.16754431214687,2020.1477928662732,30
Cockroach,rcp85,2011,Nov-Apr,22.83245568785313,605.0690111204077,30
Cockroach,rcp85,2012,May-Oct,76.50850288330147,2025.8044671471457,30
Cockroach,rcp85,2012,Nov-Apr,23.49149711669852,624.375262252898,30
Cockroach,rcp85,2013,May-Oct,75.1277673341904,2022.3961534778816,30
Cockroach,rcp85,2013,Nov-Apr,24.87223266580961,679.7470040921527,30
Cockroach,rcp85,2014,May-Oct,76.74770790023324,2055.977014120769,30
Cockroach,rcp85,2014,Nov-Apr,23.25229209976677,629.4114270012965,30
Cockroach,rcp85,2015,May-Oct,76.78174339023285,2038.9852824014638,30
Cockroach,rcp85,2015,Nov-Apr,23.21825660976715,619.5267682369753,30
Cockroach,rcp85,2016,May-Oct,76.39721601310953,2065.7932819976154,30
Cockroach,rcp85,2016,Nov-Apr,23.602783986890472,645.8543631333195,30
Cockroach,rcp85,2017,May-Oct,76.91270926644043,2057.998415288864,30
Cockroach,rcp85,2017,Nov-Apr,23.087290733559584,622.683944572653,30
Cockroach,rcp85,2018,May-Oct,76.33475842532665,2041.3432175313364,30
Cockroach,rcp85,2018,Nov-Apr,23.665241574673356,638.8239575192007,30
Cockroach,rcp85,2019,May-Oct,75.94127939668131,2027.6864211763818,30
Cockroach,rcp85,2019,Nov-Apr,24.05872060331868,645.4942452488233,30
Cockroach,rcp85,2020,May-Oct,75.70332720992661,2029.0440879709522,30
Cockroach,rcp85,2020,Nov-Apr,24.29667279007339,656.0173009707797,30
Cockroach,rcp85,2021,May-Oct,75.2139888690578,2061.8455849701036,30
Cockroach,rcp85,2021,Nov-Apr,24.7860111309422,688.8920959893063,30
Cockroach,rcp85,2022,May-Oct,75.91808456736383,2063.509664223557,30
Cockroach,rcp85,2022,Nov-Apr,24.081915432636166,660.5614762153308,30
Cockroach,rcp85,2023,May-Oct,75.57771513547091,2102.37183942978,30
Cockroach,rcp85,2023,Nov-Apr,24.422284864529093,685.8119119568983,30
Cockroach,rcp85,2024,May-Oct,76.48805196578343,2057.126487640593,30
Cockroach,rcp85,2024,Nov-Apr,23.511948034216573,637.4862216563059,30
Cockroach,rcp85,2025,May-Oct,75.33039896906634,2092.231898751093,30
Cockroach,rcp85,2025,Nov-Apr,24.66960103093367,692.3563266337403,30
Cockroach,rcp85,2026,May-Oct,76.34208494874939,2109.2407214512023,30
Cockroach,rcp85,2026,Nov-Apr,23.6579150512506,660.7616144495695,30
Cockroach,rcp85,2027,May-Oct,75.51049853966391,2092.6222440173933,30
Cockroach,rcp85,2027,Nov-Apr,24.4895014603361,685.7182300251611,30
Cockroach,rcp85,2028,May-Oct,75.83642041271496,2106.224881385415,30
Cockroach,rcp85,2028,Nov-Apr,24.163579587285042,676.9815859171423,30
Cockroach,rcp85,2029,May-Oct,75.06821422828249,2113.7598884842487,30
Cockroach,rcp85,2029,Nov-Apr,24.931785771717514,709.8079046848113,30
Cockroach,rcp85,2030,May-Oct,76.23505079165342,2141.0499490203306,30
Cockroach,rcp85,2030,Nov-Apr,23.76494920834659,673.9339837479107,30
Cockroach,rcp85,2031,May-Oct,76.68976551302916,2112.5350766714896,30
Cockroach,rcp85,2031,Nov-Apr,23.31023448697085,653.8739577688974,30
Cockroach,rcp85,2032,May-Oct,75.03694529468572,2100.0273115802324,30
Cockroach,rcp85,2032,Nov-Apr,24.963054705314267,705.0630499281956,30
Cockroach,rcp85,2033,May-Oct,75.05459509073059,2135.733034026698,30
Cockroach,rcp85,2033,Nov-Apr,24.945404909269406,715.0327319390482,30
Cockroach,rcp85,2034,May-Oct,75.84933609529533,2114.0554158051605,30
Cockroach,rcp85,2034,Nov-Apr,24.15066390470466,679.213393250724,30
Cockroach,rcp85,2035,May-Oct,75.99855184805985,2113.647686617098,30
Cockroach,rcp85,2035,Nov-Apr,24.001448151940153,674.1421320342116,30
