organism,scenario,month,slope_generation_per_year,slope_dd_per_year
Aedes aegypti,historical,1,0.015489362837977257,2.4782980540763613
Aedes aegypti,historical,2,0.03277032049816068,5.243251279705715
Aedes aegypti,historical,3,0.04160816712447826,6.657306739916611
Aedes aegypti,historical,4,0.04487753659708693,7.180405855534009
Aedes aegypti,historical,5,0.04680568674199578,7.488909878719144
Aedes aegypti,historical,6,-0.005338605046264761,-0.8541768074024618
Aedes aegypti,historical,7,0.007333402120860359,1.1733443393378107
Aedes aegypti,historical,8,-0.00795803667004431,-1.273285867207196
Aedes aegypti,historical,9,0.01971526502591594,3.154442404146476
Aedes aegypti,historical,10,0.026523791451740632,4.243806632278612
Aedes aegypti,historical,11,0.0018208369736061674,0.2913339157768834
Aedes aegypti,historical,12,-0.014367176642070165,-2.2987482627312126
Aedes aegypti,rcp26,1,0.004846165002579271,0.7753864004126836
Aedes aegypti,rcp26,2,0.006063923142671436,0.9702277028274303
Aedes aegypti,rcp26,3,0.007215657039057318,1.1545051262491706
Aedes aegypti,rcp26,4,0.007275878354845971,1.1641405367753537
Aedes aegypti,rcp26,5,0.0069967281994770866,1.1194765119163337
Aedes aegypti,rcp26,6,0.00755687243289348,1.2090995892629588
Aedes aegypti,rcp26,7,0.006606637536764295,1.0570620058822853
Aedes aegypti,rcp26,8,0.006188740327482529,0.9901984523972068
Aedes aegypti,rcp26,9,0.007814637039752746,1.250341926360434
Aedes aegypti,rcp26,10,0.00720496661634055,1.1527946586144888
Aedes aegypti,rcp26,11,0.006832829399572206,1.0932527039315543
Aedes aegypti,rcp26,12,0.008102311548845203,1.2963698478152363
Aedes aegypti,rcp45,1,0.005330775815213507,0.8529241304341605
Aedes aegypti,rcp45,2,0.0037371309643805437,0.5979409543008869
Aedes aegypti,rcp45,3,0.005504753343644939,0.8807605349831897
Aedes aegypti,rcp45,4,0.0065765894925286505,1.0522543188045825
Aedes aegypti,rcp45,5,0.006773620203648008,1.0837792325836797
Aedes aegypti,rcp45,6,0.005025107407340791,0.8040171851745297
Aedes aegypti,rcp45,7,0.0056020105472979155,0.8963216875676616
Aedes aegypti,rcp45,8,0.006206083300730417,0.9929733281168649
Aedes aegypti,rcp45,9,0.005445509832007119,0.8712815731211343
Aedes aegypti,rcp45,10,0.006531871023852478,1.045099363816397
Aedes aegypti,rcp45,11,0.004182259858885945,0.6691615774217519
Aedes aegypti,rcp45,12,0.004738371441425813,0.7581394306281298
Aedes aegypti,rcp60,1,0.0032790047987008106,0.5246407677921303
Aedes aegypti,rcp60,2,0.003316854119317524,0.5306966590908038
Aedes aegypti,rcp60,3,0.0022787682561893653,0.3646029209902985
Aedes aegypti,rcp60,4,0.002733838340556652,0.43741413448906563
Aedes aegypti,rcp60,5,0.005072644002284303,0.8116230403654885
Aedes aegypti,rcp60,6,0.0030293500541338026,0.4846960086614076
Aedes aegypti,rcp60,7,0.002508154371141215,0.4013046993825964
Aedes aegypti,rcp60,8,0.0032815216517143126,0.5250434642742909
Aedes aegypti,rcp60,9,0.0028014171639156953,0.4482267462265159
Aedes aegypti,rcp60,10,0.004693977202316422,0.7510363523706266
Aedes aegypti,rcp60,11,0.001299078185287859,0.20785250964605909
Aedes aegypti,rcp60,12,0.002879444802231275,0.46071116835700515
Aedes aegypti,rcp85,1,0.006010179822115647,0.9616287715385029
Aedes aegypti,rcp85,2,0.002328589940900504,0.3725743905440819
Aedes aegypti,rcp85,3,0.003976439966388587,0.6362303946221743
Aedes aegypti,rcp85,4,0.0036358502089315495,0.5817360334290462
Aedes aegypti,rcp85,5,0.004264915179144649,0.6823864286631404
Aedes aegypti,rcp85,6,0.004002385240100977,0.6403816384161506
Aedes aegypti,rcp85,7,0.0041746973286876845,0.6679515725900256
Aedes aegypti,rcp85,8,0.0032452142562381927,0.5192342809981098
Aedes aegypti,rcp85,9,0.004821987975161133,0.7715180760257828
Aedes aegypti,rcp85,10,0.004600014787232335,0.736002365957175
Aedes aegypti,rcp85,11,0.0038793720326323264,0.6206995252211712
Aedes aegypti,rcp85,12,0.0043345541714409005,0.6935286674305444
Aedes albopictus,historical,1,0.010302542592628148,1.9574830925993987
Aedes albopictus,historical,2,0.0293062865662173,5.5681944475812895
Aedes albopictus,historical,3,0.03507342714293331,6.663951157157431
Aedes albopictus,historical,4,0.03779160976596741,7.1804058555338885
Aedes albopictus,historical,5,0.039415315151153846,7.488909878719228
Aedes albopictus,historical,6,-0.0044956674073810725,-0.8541768074024484
Aedes albopictus,historical,7,0.006175496522830401,1.1733443393376792
Aedes albopictus,historical,8,-0.006701504564247854,-1.2732858672071665
Aedes albopictus,historical,9,0.01660232844287678,3.15444240414649
Aedes albopictus,historical,10,0.022335824380414017,4.243806632278507
Aedes albopictus,historical,11,0.0015333363988260008,0.29133391577676354
Aedes albopictus,historical,12,-0.011512239044655993,-2.187325418484665
Aedes albopictus,rcp26,1,0.004233691936959666,0.8044014680223359
Aedes albopictus,rcp26,2,0.005276353033180256,1.0025070763042485
Aedes albopictus,rcp26,3,0.006187236110221974,1.1755748609421741
Aedes albopictus,rcp26,4,0.006127055456712379,1.1641405367753517
Aedes albopictus,rcp26,5,0.0058919816416649175,1.119476511916338
Aedes albopictus,rcp26,6,0.006363682048752404,1.209099589262958
Aedes albopictus,rcp26,7,0.005563484241485708,1.057062005882284
Aedes albopictus,rcp26,8,0.005211570802090552,0.9901984523972097
Aedes albopictus,rcp26,9,0.0065807469808444085,1.2503419263604365
Aedes albopictus,rcp26,10,0.0060673403084973085,1.1527946586144873
Aedes albopictus,rcp26,11,0.005753961599639761,1.093252703931552
Aedes albopictus,rcp26,12,0.007030625115285858,1.3358187719043146
Aedes albopictus,rcp45,1,0.0047126225261424045,0.8953982799670579
Aedes albopictus,rcp45,2,0.003384940425667746,0.6431386808768698
Aedes albopictus,rcp45,3,0.004677023397480253,0.8886344455212485
Aedes albopictus,rcp45,4,0.005538180625287288,1.0522543188045845
Aedes albopictus,rcp45,5,0.005704101224124632,1.0837792325836801
Aedes albopictus,rcp45,6,0.004231669395655406,0.8040171851745281
Aedes albopictus,rcp45,7,0.004717482566145585,0.8963216875676598
Aedes albopictus,rcp45,8,0.005226175411141391,0.9929733281168646
Aedes albopictus,rcp45,9,0.004585692490111231,0.8712815731211365
Aedes albopictus,rcp45,10,0.005500522967454706,1.0450993638163966
Aedes albopictus,rcp45,11,0.0035215257871282573,0.6690898995543667
Aedes albopictus,rcp45,12,0.004216032840827841,0.8010462397572903
Aedes albopictus,rcp60,1,0.0029041822240097087,0.5517946225618423
Aedes albopictus,rcp60,2,0.0029028843259237182,0.5515480219255072
Aedes albopictus,rcp60,3,0.0019053565678825383,0.36201774789768415
Aedes albopictus,rcp60,4,0.002302179655205608,0.437414134489063
Aedes albopictus,rcp60,5,0.004271700212449935,0.8116230403654914
Aedes albopictus,rcp60,6,0.002551031624533716,0.4846960086614116
Aedes albopictus,rcp60,7,0.00211212999675053,0.4013046993825985
Aedes albopictus,rcp60,8,0.0027633866540752103,0.525043464274294
Aedes albopictus,rcp60,9,0.0023590881380342746,0.4482267462265109
Aedes albopictus,rcp60,10,0.003952822907213813,0.751036352370626
Aedes albopictus,rcp60,11,0.0010939605770845186,0.20785250964606028
Aedes albopictus,rcp60,12,0.002436316366732473,0.4629001096791671
Aedes albopictus,rcp85,1,0.005296680637062184,1.006369321041813
Aedes albopictus,rcp85,2,0.002159927911973362,0.4103863032749372
Aedes albopictus,rcp85,3,0.003448548469568908,0.6552242092180904
Aedes albopictus,rcp85,4,0.0030617685969949794,0.5817360334290476
Aedes albopictus,rcp85,5,0.0035915075192796664,0.6823864286631381
Aedes albopictus,rcp85,6,0.0033704296758744643,0.6403816384161527
Aedes albopictus,rcp85,7,0.0035155345925790707,0.6679515725900256
Aedes albopictus,rcp85,8,0.0027328120052532265,0.5192342809981135
Aedes albopictus,rcp85,9,0.004060621452767284,0.7715180760257836
Aedes albopictus,rcp85,10,0.00387369666293249,0.7360023659571712
Aedes albopictus,rcp85,11,0.003266839606427219,0.6206995252211753
Aedes albopictus,rcp85,12,0.003773780789313073,0.7170183499694844
Cockroach,historical,1,0.004422768747174683,2.8747996856635334
Cockroach,historical,2,0.006644739020113635,4.319080363073865
Cockroach,historical,3,0.006816539607336229,4.430750744768518
Cockroach,historical,4,0.011015657608472002,7.160177445506799
Cockroach,historical,5,0.01152139981341427,7.4889098787192445
Cockroach,historical,6,-0.0013141181652344322,-0.8541768074023434
Cockroach,historical,7,0.0018051451374428134,1.173344339337911
Cockroach,historical,8,-0.0019589013341648255,-1.2732858672070155
Cockroach,historical,9,0.00485298831407165,3.1544424041465287
Cockroach,historical,10,0.006528933280428606,4.243806632278618
Cockroach,historical,11,0.0004482060242722554,0.29133391577696854
Cockroach,historical,12,-0.004219690180479527,-2.742798617311683
Cockroach,rcp26,1,0.0006644451554044772,0.43188935101291037
Cockroach,rcp26,2,0.0009058772259097096,0.5888201968413117
Cockroach,rcp26,3,0.0013251622948682368,0.8613554916643543
Cockroach,rcp26,4,0.0017582687932305252,1.1428747155998389
Cockroach,rcp26,5,0.001722003139455647,1.1193020406461738
Cockroach,rcp26,6,0.001860153214250704,1.2090995892629572
Cockroach,rcp26,7,0.0016262492398188947,1.0570620058822853
Cockroach,rcp26,8,0.0015233822344572438,0.9901984523972076
Cockroach,rcp26,9,0.0019236029636314433,1.250341926360438
Cockroach,rcp26,10,0.0017746136493417685,1.1534988720721477
Cockroach,rcp26,11,0.001661385913539237,1.0799008438005047
Cockroach,rcp26,12,0.0014143486002515435,0.9193265901635032
Cockroach,rcp45,1,0.000572653033083583,0.3722244715043288
Cockroach,rcp45,2,0.00047356168252800433,0.3078150936432023
Cockroach,rcp45,3,0.0010189517096604109,0.6623186112792667
Cockroach,rcp45,4,0.0015781868161726107,1.0258214305121978
Cockroach,rcp45,5,0.0016673936314172248,1.0838058604211964
Cockroach,rcp45,6,0.0012369495156531198,0.8040171851745282
Cockroach,rcp45,7,0.001378956442411787,0.8963216875676674
Cockroach,rcp45,8,0.001527651274025943,0.9929733281168629
Cockroach,rcp45,9,0.0013404331894171335,0.8712815731211361
Cockroach,rcp45,10,0.0016080795629303203,1.0452517159047088
Cockroach,rcp45,11,0.0010110147559199655,0.6571595913479779
Cockroach,rcp45,12,0.0005892516854053452,0.38301359551347464
Cockroach,rcp60,1,0.00037348711963021907,0.24276662775964236
Cockroach,rcp60,2,0.000506565915886886,0.329267845326476
Cockroach,rcp60,3,0.0005275347564388796,0.34289759168527145
Cockroach,rcp60,4,0.0006477378197079297,0.42102958281015346
Cockroach,rcp60,5,0.0012488188394994323,0.811732245674628
Cockroach,rcp60,6,0.0007456861671713984,0.4846960086614072
Cockroach,rcp60,7,0.0006173918452039958,0.40130469938259694
Cockroach,rcp60,8,0.0008077591758066065,0.5250434642742934
Cockroach,rcp60,9,0.0006895796095792505,0.44822674622651315
Cockroach,rcp60,10,0.0011530894377179757,0.7495081345166827
Cockroach,rcp60,11,0.0003150780974496839,0.2048007633422954
Cockroach,rcp60,12,0.0005506136882359499,0.3578988973533675
Cockroach,rcp85,1,0.0006744099547580354,0.4383664705927228
Cockroach,rcp85,2,0.00026223520223757037,0.17045288145442045
Cockroach,rcp85,3,0.0004886502108918568,0.31762263707970717
Cockroach,rcp85,4,0.0008564810664289877,0.5567126931788419
Cockroach,rcp85,5,0.0010492912821554522,0.6820393334010443
Cockroach,rcp85,6,0.0009852025206402342,0.6403816384161495
Cockroach,rcp85,7,0.0010276178039846557,0.6679515725900237
Cockroach,rcp85,8,0.0007988219707663265,0.519234280998112
Cockroach,rcp85,9,0.0011869508861935146,0.7715180760257844
Cockroach,rcp85,10,0.001131142021947485,0.7352423142658651
Cockroach,rcp85,11,0.0009544579898460592,0.620397693399937
Cockroach,rcp85,12,0.0006826677740228412,0.44373405311484737
