LON,LAT,rx1day_5yr,rx1day_10yr,rx1day_25yr,rx1day_75yr,rx1day_100yr,rx1day_200yr,rx2day_5yr,rx2day_10yr,rx2day_25yr,rx2day_75yr,rx2day_100yr,rx2day_200yr,rx3day_5yr,rx3day_10yr,rx3day_25yr,rx3day_75yr,rx3day_100yr,rx3day_200yr,rx4day_5yr,rx4day_10yr,rx4day_25yr,rx4day_75yr,rx4day_100yr,rx4day_200yr,rx5day_5yr,rx5day_10yr,rx5day_25yr,rx5day_75yr,rx5day_100yr,rx5day_200yr,city,scenario,percentile,source_file
121.45,25.15,7.12163326,7.883414654,6.397818644,8.00816865,9.630111383,10.18021584,9.223929248,7.932295516,6.476010261,5.934317609,7.299951272,8.417874312,12.26278454,10.7397425,10.47039988,8.85074649,8.557089033,9.635205364,14.82307081,13.34210291,14.26908959,13.00663441,11.85822215,10.82741926,16.1326693,13.05761412,10.17689895,9.462308627,11.41690129,10.850955,臺北市,rcp45,25,IDF-CC_臺北市_暴雨改變率_rcp45_第25百分位.csv
121.45,25.1,8.333606,8.076572996,10.44271971,11.2000111,11.93496298,12.63298421,9.580064976,10.63039437,10.00923365,8.352852921,7.089851196,7.72914123,12.56436723,11.95424984,10.41773735,10.62574536,10.85208579,11.21358546,14.28211975,12.17957588,14.66777318,14.60710281,13.93716293,14.04862947,14.68809078,14.51385383,11.86251975,12.6201866,10.55546963,8.763779287,臺北市,rcp45,25,IDF-CC_臺北市_暴雨改變率_rcp45_第25百分位.csv
121.5,25.05,9.795151737,11.91906626,10.87394687,10.08837215,9.531258719,11.60789172,11.67981336,11.48637956,9.532103831,9.414628469,11.36339312,12.97421235,11.10629604,13.37697264,12.92406536,12.6639265,12.646314,12.27038765,9.9507924,11.55860924,12.86860883,14.51216461,13.47922783,12.03500509,10.18862504,12.47831665,11.5666937,14.17343693,13.0681142,12.14309365,臺北市,rcp45,25,IDF-CC_臺北市_暴雨改變率_rcp45_第25百分位.csv
121.5,25.15,3.597776122,1.758253264,2.831490443,2.173383049,1.20273461,0.682298041,7.451854712,4.385161748,2.976244333,0.19536991,-2.068680796,-3.941665812,9.044001116,5.479578738,1.839811647,0.189173006,-2.695857656,-5.111918009,9.588970618,8.868569093,5.957948773,3.050609004,-0.055338642,-2.720392779,11.07307204,8.803584317,7.116140379,4.841385188,2.841903428,1.177258567,臺北市,rcp45,25,IDF-CC_臺北市_暴雨改變率_rcp45_第25百分位.csv
121.5,25.1,8.540104006,8.923438466,10.23528917,11.53136472,12.74738404,13.87434062,10.68130438,12.04716906,10.68160704,10.69135596,11.01939703,11.70160089,12.61141495,13.46795394,10.82794272,10.73913899,12.84044706,12.9985503,11.87258487,12.52820552,14.90694558,15.37470743,14.94684254,14.59625848,12.10391022,14.31042711,12.76987027,11.66955035,10.64869236,9.451217661,臺北市,rcp45,25,IDF-CC_臺北市_暴雨改變率_rcp45_第25百分位.csv
121.5,25.2,5.443218776,4.685258069,4.277023711,3.609080676,1.10029748,0.272431296,7.367790082,4.586499755,1.503244052,-0.463790305,-1.792275026,-2.985912386,9.149909291,6.050436221,2.491314168,0.214567358,-1.861675512,-3.642793895,12.1840037,7.480650473,6.457644057,6.620186468,4.64099544,2.263471551,12.58906119,8.788962725,6.295327451,4.245462667,2.567687233,1.168027844,臺北市,rcp45,25,IDF-CC_臺北市_暴雨改變率_rcp45_第25百分位.csv
121.5,25.0,9.798300029,10.65703985,6.767057367,4.181825483,4.909024079,5.993354223,10.06837551,10.49772822,8.948619704,5.540936501,3.076325641,3.504011716,11.0983972,11.37559362,10.25912391,8.372150411,8.923734775,10.33344039,7.749751033,10.71571896,8.567777247,11.72432786,14.88935513,13.44603187,8.439859646,9.075230893,9.683483212,10.4850514,11.16427223,10.72679655,臺北市,rcp45,25,IDF-CC_臺北市_暴雨改變率_rcp45_第25百分位.csv
121.55,24.95,10.41474537,11.67498564,12.36178623,10.57251424,8.98647698,11.44603392,11.83584679,11.5323379,9.53720386,6.848188232,7.016363219,7.168055923,12.13981944,10.91858482,11.12836331,9.470098011,8.246058909,8.876902669,8.779845196,9.059839129,11.81130871,10.92338304,10.2361692,9.752324959,10.11968175,9.317396281,11.22002554,10.39078081,9.3245842,8.455048441,臺北市,rcp45,25,IDF-CC_臺北市_暴雨改變率_rcp45_第25百分位.csv
121.55,25.05,8.246795689,10.42155336,8.912974006,13.18085318,16.23170185,17.5468348,11.51477057,9.736778647,9.256209368,12.09752193,12.67502585,11.41224741,12.45070002,12.08055651,11.99065883,12.22579839,12.39139108,12.32027119,8.272687622,11.12160161,14.43516046,15.04855191,13.90038412,12.7525362,8.912072947,11.81327914,14.09476743,15.04492288,14.25592549,13.61659115,臺北市,rcp45,25,IDF-CC_臺北市_暴雨改變率_rcp45_第25百分位.csv
121.55,25.0,10.31312578,10.0545049,7.567174128,6.261935857,8.0071111,9.459974433,11.30797106,11.52869665,8.714551676,5.810761523,7.019349498,7.989190605,10.56619654,11.4794437,10.52279674,10.03414334,10.10442211,9.301046098,6.832011342,10.02741618,11.24078225,13.0940904,12.38276567,10.76963977,8.044767959,8.488461735,10.7013688,12.76953004,14.14596427,13.61528201,臺北市,rcp45,25,IDF-CC_臺北市_暴雨改變率_rcp45_第25百分位.csv
121.55,25.15,4.543367632,2.561205902,0.003107461,0.757309474,0.849255587,-1.905816746,9.138299943,2.807291599,1.819919445,0.62802527,-0.831624291,-1.030207531,8.158307396,2.417367232,0.920234325,0.025841378,0.082793714,0.124392368,5.117306941,5.371757461,4.016964994,1.487947541,-1.126935184,-1.485228193,7.547228846,6.084591559,2.924794034,1.760686132,0.2689118,-0.938999892,臺北市,rcp45,25,IDF-CC_臺北市_暴雨改變率_rcp45_第25百分位.csv
121.55,25.1,5.960061589,8.518505157,7.945744714,7.687352853,7.515111663,7.399950629,10.96292304,9.706887491,11.19048105,10.85897989,8.837074488,7.176476519,11.70469276,11.86903635,12.47614597,13.30465678,12.66782658,11.5589774,9.779825544,10.89632413,13.11490968,14.30145151,12.9672387,11.88533232,10.25283234,11.32865179,14.68547541,15.19788549,14.80392151,14.0483656,臺北市,rcp45,25,IDF-CC_臺北市_暴雨改變率_rcp45_第25百分位.csv
121.55,25.2,6.99129071,4.348453171,9.102657815,6.368690158,5.893108607,7.372524387,10.28214263,3.219113131,2.047387835,1.899910207,0.22170362,-1.179707606,9.449117889,4.239187393,1.954204225,1.985099172,-1.843512776,-3.955835831,9.377392483,5.644127645,4.601735509,4.310825904,4.179492782,4.141942829,10.53684341,7.387470633,4.30578238,3.129778862,2.23016224,1.514918635,臺北市,rcp45,25,IDF-CC_臺北市_暴雨改變率_rcp45_第25百分位.csv
121.6,24.95,10.08445807,10.57742662,9.049277514,10.22667749,11.61036108,11.97475169,10.94597025,10.30305414,9.209811958,8.031462904,7.193765773,6.570998099,11.93971737,9.368468887,9.97210175,9.08599359,9.246715102,9.435602626,10.60096844,9.952448573,11.14453741,10.80821666,10.46697416,10.30583523,11.54116167,9.550647411,11.04119393,9.591695626,8.816613029,8.212226828,臺北市,rcp45,25,IDF-CC_臺北市_暴雨改變率_rcp45_第25百分位.csv
121.6,25.05,8.153715477,7.45262516,10.38875977,11.19489426,11.90105419,12.52184412,9.072549063,9.128175305,8.245796764,6.634556179,5.393911773,4.405667689,10.79743853,8.572623612,9.204946797,7.724153751,7.350727535,5.417967357,9.142888462,10.55892071,12.16035804,12.01416667,10.72468524,9.105938913,8.970676666,10.33058649,12.75626198,11.85768542,11.19369501,10.68239601,臺北市,rcp45,25,IDF-CC_臺北市_暴雨改變率_rcp45_第25百分位.csv
121.6,25.0,10.18030947,8.439589103,8.561558607,11.41975859,13.78221368,15.77958432,10.26086608,9.403061656,8.591179834,6.491856211,4.838049738,3.496924485,11.52067799,9.282840941,8.738669152,8.214554167,8.074423109,8.015093911,8.290821235,9.525699106,11.62746454,12.82172525,13.42971743,13.40154477,8.676132132,11.12287076,13.23588084,12.80337064,12.28763245,11.90836912,臺北市,rcp45,25,IDF-CC_臺北市_暴雨改變率_rcp45_第25百分位.csv
121.6,25.15,5.41993057,4.604117197,4.368827988,3.039311447,4.432074635,2.121373893,8.287581017,4.993268421,2.110179193,0.977716805,-0.816443206,-2.323920849,6.940191704,1.1478335,0.615455221,-0.991281128,-1.102196445,-1.17083804,8.039833286,4.359005004,3.385617337,3.031913385,1.46983432,-0.244754114,9.772803849,6.076479801,1.986982292,-0.645108472,-2.824532879,-4.638390913,臺北市,rcp45,25,IDF-CC_臺北市_暴雨改變率_rcp45_第25百分位.csv
121.6,25.1,7.841130739,5.640126711,5.145559525,4.877941889,4.667177883,4.496091137,10.00097868,8.520467961,6.46203754,4.904285629,3.609912738,2.518163026,10.54458018,6.66480474,6.368552849,3.908907911,1.021488793,-1.421503355,9.2922246,9.872080368,8.058485286,5.321257919,3.475602555,2.001493824,9.337406374,8.530253676,9.688696058,7.664838899,6.011969991,4.636726961,臺北市,rcp45,25,IDF-CC_臺北市_暴雨改變率_rcp45_第25百分位.csv
121.6,25.2,9.084597199,5.205215971,7.413657988,8.297789156,7.41315636,6.595346468,7.601422349,3.962455612,-1.977949608,-0.449135201,-1.369792157,-3.811331319,8.120737651,1.866515978,-0.483770334,-0.25552256,-0.790623978,-3.079456241,10.07153219,5.417160177,2.31764248,2.09764114,1.1703378,0.409572436,10.5889463,6.71514501,3.0404482,0.798039853,-0.944219792,-2.458448786,臺北市,rcp45,25,IDF-CC_臺北市_暴雨改變率_rcp45_第25百分位.csv
121.65,25.05,7.560583133,5.365356719,6.820317038,5.221537269,3.700069531,2.269278006,7.347481052,3.552829509,1.365687409,-1.881941122,-3.791077397,-5.097663397,7.184902505,3.444211981,0.901739617,-0.152289372,-0.385002408,-0.588976203,9.886364558,6.901262841,6.055903704,5.365400732,4.90016236,4.576054009,9.952933153,8.18377233,5.959070589,4.559402033,3.490821373,2.642482568,臺北市,rcp45,25,IDF-CC_臺北市_暴雨改變率_rcp45_第25百分位.csv
121.65,25.1,5.956840186,6.940051976,8.369885855,8.741548644,6.910161388,5.979609998,7.360001228,2.772914735,2.003014354,-1.12813085,-4.16663871,-6.072594671,6.063310285,0.669682459,-0.307908649,-0.883428339,-1.341843635,-1.447513167,8.425120691,4.549744741,2.728202143,1.863697137,1.242450337,0.778059798,9.436878425,7.162093325,3.532818375,0.949897997,-1.124426583,-2.829661458,臺北市,rcp45,25,IDF-CC_臺北市_暴雨改變率_rcp45_第25百分位.csv
121.65,25.0,8.913157509,7.244902294,10.18387431,9.801658121,9.062986927,8.311546064,8.265857557,7.743589138,7.156344087,6.789233714,6.475901336,6.205847386,8.506716619,6.608572724,5.257120272,5.1261476,5.151498337,3.754987053,9.258677939,9.596937603,10.75024693,9.802517998,9.716156247,9.72716172,8.98213925,9.424722805,9.444342705,8.447680555,7.727416121,7.184675447,臺北市,rcp45,25,IDF-CC_臺北市_暴雨改變率_rcp45_第25百分位.csv
121.45,25.1,18.27841751,21.24958818,24.31427037,24.73009159,26.43472501,27.88612997,18.34688118,19.39606907,20.58654703,21.60203108,22.60310514,23.55677289,21.87093247,22.27719697,20.72315679,20.66543545,21.83431136,23.32577411,24.57994562,23.64042639,22.39894636,21.74689642,22.02664483,22.79350355,23.71439169,24.50301134,24.30837214,22.91850699,21.21981896,22.17822967,臺北市,rcp45,50,IDF-CC_臺北市_暴雨改變率_rcp45_第50百分位.csv
121.45,25.15,17.77537639,21.34984268,24.04672392,23.74132302,24.33215817,25.43669393,19.0895701,18.9297717,19.58063884,19.8979759,20.0832084,20.18615591,22.3925735,21.41322119,21.14290395,23.35981486,23.52599031,25.09615149,25.71309313,23.11296977,20.29552848,18.5585869,19.52037157,21.2921956,23.76910986,19.25278501,20.17772158,22.6650774,22.480888,21.59295289,臺北市,rcp45,50,IDF-CC_臺北市_暴雨改變率_rcp45_第50百分位.csv
121.5,25.05,19.28403968,23.90750691,28.09964861,28.28331514,30.44359393,32.45687821,20.27861967,19.66039746,21.45744438,24.1557935,28.26800753,27.3809155,22.74341388,27.00583153,27.41993132,27.26112318,27.89147042,27.71400701,22.80604967,27.2233932,25.11107467,28.42948787,26.24541059,26.92969394,24.52473629,26.98727415,25.60225228,24.33572558,26.85937757,25.28801897,臺北市,rcp45,50,IDF-CC_臺北市_暴雨改變率_rcp45_第50百分位.csv
121.5,25.1,20.28925177,23.69223403,25.97322155,27.3423673,28.50599754,29.40747637,19.06393587,20.56221918,20.98663176,21.84917671,23.10185734,25.38457206,21.57620128,22.62339693,22.19056586,25.16670773,27.69529337,28.6909407,24.31367197,24.8988371,24.62673609,25.58379121,27.90305421,28.04484952,23.41367719,25.02087232,24.43778237,23.75916855,24.6544473,26.58526891,臺北市,rcp45,50,IDF-CC_臺北市_暴雨改變率_rcp45_第50百分位.csv
121.5,25.15,17.44821479,19.4451471,23.76621053,23.60404593,23.14521875,23.94458272,17.00489163,20.04151219,16.11817406,14.67722575,12.54629317,12.3961758,20.49573521,20.02888219,18.0847834,16.59017032,15.19195862,13.91415242,20.56686209,18.47260736,15.88969083,19.86545785,21.58652754,19.72648322,23.99885145,18.83679078,16.62198174,18.11412782,20.49233604,21.00779491,臺北市,rcp45,50,IDF-CC_臺北市_暴雨改變率_rcp45_第50百分位.csv
121.5,25.0,17.6308484,21.89112244,26.47971294,29.30986492,30.96712432,32.79156121,20.78308798,21.00086233,20.23429614,22.87987994,24.57868147,23.85831305,22.91913657,24.28790509,24.66598445,25.88861268,24.73680037,25.34244904,23.79615022,24.35632273,25.40417136,24.81551657,23.02230241,23.06022237,23.60672588,27.13205811,27.15561938,27.13854056,27.12040213,27.06238216,臺北市,rcp45,50,IDF-CC_臺北市_暴雨改變率_rcp45_第50百分位.csv
121.5,25.2,16.47775108,18.01628577,19.62688887,20.89795133,22.09843887,23.21656992,16.96901428,21.42009239,17.22936721,16.30508298,17.97611313,16.38762899,18.11566361,18.95929832,21.35688649,19.50781662,21.2373754,20.44266764,21.93741319,20.07367997,18.04355534,21.30607491,24.21258442,26.83050987,22.42235317,20.67748148,18.24965797,18.51933442,18.21401314,18.05263971,臺北市,rcp45,50,IDF-CC_臺北市_暴雨改變率_rcp45_第50百分位.csv
121.55,24.95,17.98339297,22.27551354,24.7001377,25.36366498,27.68578406,28.89943384,20.15699546,18.76116321,20.27729705,21.39753687,20.65651891,21.41004464,22.15943342,23.35619204,22.15070162,24.9848931,25.24427064,24.03872835,22.01435592,25.13490038,25.100647,25.06701003,24.88561047,24.7149044,21.6814963,23.85124647,25.1989054,27.36451186,26.88690985,26.42533786,臺北市,rcp45,50,IDF-CC_臺北市_暴雨改變率_rcp45_第50百分位.csv
121.55,25.05,20.17946501,25.03729946,26.45948587,25.67562458,26.86444573,29.50240491,19.08253641,19.49999555,22.67693461,24.33069336,24.15011489,24.53323236,23.07317447,22.30165276,22.19602751,23.41919381,23.77607671,22.89342993,22.96142118,23.34874085,24.30766524,23.93642356,24.21713729,24.59541566,23.82234525,25.62815274,23.99595975,24.15226407,23.73514971,24.73108703,臺北市,rcp45,50,IDF-CC_臺北市_暴雨改變率_rcp45_第50百分位.csv
121.55,25.1,19.38827639,23.48270667,24.33870548,24.81413671,25.19870303,25.51956307,18.90802059,18.50037665,18.20868448,21.77279309,22.87826993,20.95487166,23.25863732,20.57455951,24.48502751,23.55460568,21.15689979,20.74678149,22.61376481,22.88402585,25.36684368,24.27501196,22.95630585,24.48611552,25.38698529,24.31655916,22.86740515,22.73960569,23.2434038,26.61053681,臺北市,rcp45,50,IDF-CC_臺北市_暴雨改變率_rcp45_第50百分位.csv
121.55,25.15,14.26427609,19.59785075,20.44452447,19.96737398,20.64532072,21.1554464,18.05616525,19.15461557,15.39285272,18.64501304,20.08140642,20.48508473,17.72701387,15.3583145,14.5274197,15.69340896,16.01427769,16.57219525,18.06142833,18.0654344,14.88626699,16.78641462,21.56167013,19.93758275,22.48689366,19.86800329,17.68626006,20.08976868,20.73309101,19.03399064,臺北市,rcp45,50,IDF-CC_臺北市_暴雨改變率_rcp45_第50百分位.csv
121.55,25.0,19.32073252,24.11107589,26.80564374,28.29682849,33.05734671,35.75838483,20.17684381,19.20540765,20.26993714,22.29852801,21.51050139,22.2717937,22.88698672,22.23908746,21.54301737,21.52884968,22.29595569,20.98899569,23.16841403,23.5550526,24.19754758,24.67139732,24.68527737,23.04461927,23.49535563,26.55773342,26.68043561,26.45609734,26.14032234,25.79610104,臺北市,rcp45,50,IDF-CC_臺北市_暴雨改變率_rcp45_第50百分位.csv
121.55,25.2,14.45483475,18.3567898,22.40360252,22.45687988,21.54682227,24.40519407,15.63387963,19.32882782,21.15730381,22.55762021,23.87795859,23.40972614,18.52690069,18.67409371,23.82763582,21.53887984,22.83411262,24.03948788,20.26072558,22.00526891,21.88644487,25.29640911,27.17090705,25.63251176,20.22555804,20.25639538,21.80395085,25.01006209,27.664322,28.29311047,臺北市,rcp45,50,IDF-CC_臺北市_暴雨改變率_rcp45_第50百分位.csv
121.6,24.95,18.04592639,20.93135804,24.49334072,26.02570391,26.63043462,27.61779546,19.07910533,18.36906293,19.78201856,20.1258319,21.11345688,19.31895354,20.90496941,21.68349745,20.33376183,23.86660695,22.19970881,22.86757513,22.08417247,24.96353153,23.88059412,24.47889951,25.29181578,25.67573358,23.54808271,25.3933652,27.63934679,28.80408979,28.42123837,28.1019574,臺北市,rcp45,50,IDF-CC_臺北市_暴雨改變率_rcp45_第50百分位.csv
121.6,25.05,16.62738503,22.91457332,23.08254074,25.50628241,27.65301929,29.09568493,17.26165957,18.92581306,17.17677491,19.87461225,20.23990029,22.51054969,20.93083857,18.8428158,18.61519401,18.02299776,19.15674901,18.56373036,21.50680458,24.3985768,21.52823153,19.45143905,20.82897361,20.37251408,24.00873967,24.54513425,21.88494798,22.33368399,24.86845504,25.81217456,臺北市,rcp45,50,IDF-CC_臺北市_暴雨改變率_rcp45_第50百分位.csv
121.6,25.1,18.0717204,22.74409515,23.15099904,21.36348428,22.35183261,25.27728324,15.85547618,19.25782113,14.33928024,16.87631901,19.31083744,21.33016328,19.73557016,20.09895056,18.26071361,17.14742078,16.21875606,15.43390959,20.40399589,19.94290871,18.29175709,19.54721011,20.8725721,20.23882147,23.23969075,20.20729865,20.38129551,23.28832147,23.63082822,24.28823481,臺北市,rcp45,50,IDF-CC_臺北市_暴雨改變率_rcp45_第50百分位.csv
121.6,25.15,13.74290257,17.94470921,21.91000057,22.51076412,22.45375545,24.48156707,14.98987022,17.44058905,20.11672603,21.57665951,20.25849735,19.02025095,17.95312041,16.71454959,17.56110202,17.88388089,18.73614424,18.93488956,17.69302148,19.98706937,17.76033302,19.85159067,21.66569006,20.96521401,19.01876344,20.38343799,19.9991954,18.94334213,23.2086038,21.98565767,臺北市,rcp45,50,IDF-CC_臺北市_暴雨改變率_rcp45_第50百分位.csv
121.6,25.0,15.46977896,22.01649378,25.20920112,27.54102443,30.54926287,32.83302506,18.3446817,18.92311051,18.23720252,21.39970284,20.73173668,18.68348494,21.47868502,20.42987198,18.15019485,19.20531867,18.80902945,19.89790196,21.51037099,24.1606674,23.26206405,22.68990583,22.20362529,21.91726288,24.6228582,24.55483818,23.0453989,24.05742121,23.52610058,25.4745736,臺北市,rcp45,50,IDF-CC_臺北市_暴雨改變率_rcp45_第50百分位.csv
121.6,25.2,15.19359465,19.90490185,19.70441092,21.29256687,19.70879387,19.87129847,16.4348218,18.26424016,17.26558391,18.51741625,19.53119959,20.37443658,17.32458921,19.40001306,21.94665204,18.58262248,15.83599813,14.75375143,16.89079481,19.57265529,22.62785044,24.7782104,25.32251991,24.05302217,16.25332268,19.32392435,25.45328132,24.05369716,21.97017394,22.15252043,臺北市,rcp45,50,IDF-CC_臺北市_暴雨改變率_rcp45_第50百分位.csv
121.65,25.05,14.78190223,18.39683541,25.45260507,25.0427768,24.33297596,27.89310989,16.41784738,18.89038363,16.43975438,16.06397188,17.98790359,21.9826247,17.67021296,18.35532298,17.8327494,17.82733041,18.79957692,18.7789956,21.07852565,18.16584826,18.13240883,19.66359869,20.83440031,21.19288807,21.90192757,19.62900302,20.29237445,22.29730253,23.98625195,23.43386793,臺北市,rcp45,50,IDF-CC_臺北市_暴雨改變率_rcp45_第50百分位.csv
121.65,25.1,13.20459102,17.46247513,23.22472936,24.32494859,25.77086437,26.86864292,14.21753163,17.09594439,17.2391581,18.93355975,19.42375968,19.86846619,16.55459587,16.66217974,16.59668772,16.11935195,16.71782551,15.37979796,18.18490827,17.69799836,17.25546196,16.77272594,16.34011386,17.09080688,18.89555695,18.12491227,22.3341558,19.98156485,22.17027799,21.21819536,臺北市,rcp45,50,IDF-CC_臺北市_暴雨改變率_rcp45_第50百分位.csv
121.65,25.0,15.43124736,20.2543279,23.93208101,26.04266082,25.71895464,29.45833205,18.00905349,19.92868685,16.42257203,18.05552592,18.78736633,19.23599228,17.85117057,17.72298637,19.93945333,21.57887977,20.65749299,19.10503852,21.38174997,20.91433396,19.85080939,19.49910685,19.18289308,20.25963091,22.83116342,24.30184448,22.18039684,24.18656028,26.67522511,27.14642689,臺北市,rcp45,50,IDF-CC_臺北市_暴雨改變率_rcp45_第50百分位.csv
121.45,25.1,-0.135294303,-1.083951002,-2.20694078,-2.014690906,-2.255965015,-2.961391379,-2.041253092,0.087827181,-0.503997116,-2.957833621,-5.074822472,-6.929917796,-4.180373008,-2.233274635,-5.324646891,-8.235218479,-11.06340101,-13.45007383,-3.869855172,-4.828712233,-9.331961808,-12.41365668,-15.27496645,-17.6720046,-2.502981924,-3.39147929,-6.940089757,-10.97902417,-14.27925758,-17.04030561,臺北市,rcp45,5,IDF-CC_臺北市_暴雨改變率_rcp45_第5百分位.csv
121.45,25.15,-2.026645396,-1.775020411,-1.714865051,-2.417627892,-4.295014586,-5.955360074,-2.51493172,-0.390774024,-3.218422065,-6.215635238,-8.921930812,-11.21185702,-5.482175618,-4.535112902,-7.394979984,-11.00203621,-14.13972461,-16.77322065,-3.231241081,-5.56246714,-10.31626912,-13.1905077,-15.88112109,-18.14248917,-1.904445547,-4.335887422,-8.080626075,-12.07110357,-15.32271757,-18.03804486,臺北市,rcp45,5,IDF-CC_臺北市_暴雨改變率_rcp45_第5百分位.csv
121.5,25.05,-1.537907753,-2.620096159,-6.820664668,-9.246337209,-11.11818021,-12.67183832,-0.140687337,2.287322162,-1.641159891,-4.552430361,-7.087400474,-9.31438044,-2.551181425,-1.457358364,-5.757472772,-8.289755297,-10.39415881,-12.17853978,-3.763991452,-5.039819298,-10.45529374,-14.26558687,-17.29488559,-19.4212995,-3.530215358,-5.231291693,-11.72709964,-14.84808318,-17.50770997,-19.81500989,臺北市,rcp45,5,IDF-CC_臺北市_暴雨改變率_rcp45_第5百分位.csv
121.5,25.1,-0.387583828,-1.462674112,-1.14024885,-3.303301201,-5.209165869,-6.849940192,-1.028257035,0.332552307,-3.147724445,-5.651996415,-7.80367229,-9.68106807,-3.119313922,-3.236278018,-7.712445887,-10.33913114,-12.52474698,-14.3834538,-3.852538958,-6.870553013,-11.86247594,-14.37281258,-15.96291222,-17.3293199,-3.176841134,-6.181502894,-10.19180602,-11.73262398,-13.33817051,-15.87850473,臺北市,rcp45,5,IDF-CC_臺北市_暴雨改變率_rcp45_第5百分位.csv
121.5,25.15,-3.934947342,-5.287505488,-7.835689735,-9.148963036,-11.23539043,-13.07234555,-2.748296966,-3.235799728,-8.687657176,-11.87155155,-14.7849175,-17.39105813,-5.709231322,-7.770789594,-13.51033568,-16.66774426,-18.81977147,-20.67795521,-6.493589718,-10.13958735,-13.63736917,-16.43349126,-18.97714183,-21.16164229,-6.031598929,-10.33070889,-12.87336299,-16.07698966,-18.77636756,-21.09200329,臺北市,rcp45,5,IDF-CC_臺北市_暴雨改變率_rcp45_第5百分位.csv
121.5,25.2,-3.187550145,-1.9502839,-5.485497321,-7.705681694,-9.629404463,-11.31895222,-3.101932774,-3.939983304,-8.755723068,-12.6798406,-15.86056328,-18.50237687,-6.247728702,-7.659640687,-12.11212806,-16.5390702,-20.07893243,-22.40739883,-7.136286428,-8.960171525,-12.89377346,-15.59142772,-18.11487473,-20.28284467,-6.310286235,-10.3173761,-12.75030493,-16.084415,-18.89124828,-21.29534159,臺北市,rcp45,5,IDF-CC_臺北市_暴雨改變率_rcp45_第5百分位.csv
121.5,25.0,-3.530718012,-4.719577379,-8.463031222,-11.07342216,-13.15623419,-14.86868199,-1.178303707,-0.998933506,-4.295496422,-7.555430152,-10.75878016,-13.53824651,-3.446795889,-2.747270417,-7.88587616,-10.92813665,-13.44022064,-15.55873432,-4.441463398,-5.333533091,-11.32471382,-15.38674707,-18.74129665,-21.57198123,-4.414171508,-6.406873685,-13.53573538,-17.61397159,-20.70146995,-23.36407513,臺北市,rcp45,5,IDF-CC_臺北市_暴雨改變率_rcp45_第5百分位.csv
121.55,24.95,-2.302198279,-2.744336046,-5.849862928,-8.353625502,-10.41739355,-12.16325974,-3.633226584,-2.774473727,-2.783983491,-4.421390807,-6.766023612,-8.912476013,-5.366379572,-3.342316445,-5.00664932,-6.374725629,-7.511336549,-8.4755428,-6.451124317,-6.687481537,-10.06405336,-11.99144193,-14.41424481,-16.55289082,-6.309731736,-8.336019506,-11.9592915,-15.82294765,-18.84987295,-21.14360427,臺北市,rcp45,5,IDF-CC_臺北市_暴雨改變率_rcp45_第5百分位.csv
121.55,25.05,-2.88471258,-4.007088266,-9.430575059,-12.10594201,-14.14238134,-15.84563395,-0.011809894,-0.044124778,-4.137361423,-7.353293544,-10.24309982,-12.8722072,-2.375340912,-4.140923579,-8.394223336,-10.85231642,-13.13007568,-15.5819482,-3.880527571,-8.266106787,-13.25697081,-16.34338343,-18.96329134,-21.20546926,-3.845629491,-8.734917826,-13.09251684,-16.4286245,-19.23878623,-21.65068943,臺北市,rcp45,5,IDF-CC_臺北市_暴雨改變率_rcp45_第5百分位.csv
121.55,25.1,-3.203855093,-3.983452131,-8.460645083,-10.93616837,-12.82294944,-14.49098398,-0.598097274,-2.080485888,-6.258314407,-8.747122084,-10.83590997,-12.62421093,-2.17619177,-6.307083613,-11.44754505,-14.37216073,-16.75236275,-19.01700565,-4.114709058,-10.49245983,-14.39253318,-16.50529254,-19.2296339,-21.55398445,-5.16966757,-10.7710827,-13.30075283,-16.45707254,-19.31160451,-21.74942676,臺北市,rcp45,5,IDF-CC_臺北市_暴雨改變率_rcp45_第5百分位.csv
121.55,25.15,-5.510071732,-7.531489788,-11.18196948,-13.75482791,-15.96861143,-18.09899623,-5.172016718,-5.300703716,-10.75937427,-15.14538081,-18.80283064,-21.93993616,-8.005298188,-9.36633394,-15.4007622,-18.18409935,-20.65818281,-22.75207982,-9.630403338,-11.45078105,-15.81868583,-18.31310991,-20.39319591,-22.16391701,-9.541431346,-12.2018488,-15.71264454,-18.13749254,-20.15583177,-21.87470131,臺北市,rcp45,5,IDF-CC_臺北市_暴雨改變率_rcp45_第5百分位.csv
121.55,25.2,-2.087893703,-3.51279475,-6.812825108,-9.319523718,-11.98128223,-14.29595914,-4.004969697,-4.100586086,-7.911598887,-11.82012172,-15.13897598,-18.20160513,-7.661084352,-8.074794448,-12.5560729,-16.89843007,-20.45962011,-22.95253457,-9.776220781,-10.72476387,-16.27230397,-19.19531917,-21.62031896,-23.67209966,-9.101709072,-12.40241319,-16.03257852,-19.17062169,-21.77513535,-23.9779124,臺北市,rcp45,5,IDF-CC_臺北市_暴雨改變率_rcp45_第5百分位.csv
121.55,25.0,-3.642080115,-4.223537345,-8.529424425,-11.24274397,-13.4459577,-15.2853478,-1.489860527,-2.216254945,-5.416504026,-8.558529802,-11.53844492,-14.11584386,-3.476633714,-3.363587124,-8.372408635,-11.30004536,-13.72418629,-15.77533366,-4.631742694,-6.58763371,-12.4088784,-15.72165701,-18.10878462,-20.15751048,-4.473952018,-8.089130247,-13.18455439,-16.41459673,-19.14245272,-21.48802234,臺北市,rcp45,5,IDF-CC_臺北市_暴雨改變率_rcp45_第5百分位.csv
121.6,24.95,-2.703660513,-2.183104283,-6.081926675,-8.437307407,-10.37545267,-12.01457848,-3.89571462,-1.728182525,-2.680610921,-5.53735966,-8.34224908,-10.74423335,-5.323829199,-4.118300791,-6.509207455,-8.025370025,-9.29114908,-11.14094624,-5.450773508,-7.96546095,-11.54780735,-13.60996993,-16.29338343,-18.44450543,-5.686097524,-9.654306983,-13.05690278,-15.43442765,-17.96203801,-20.13284356,臺北市,rcp45,5,IDF-CC_臺北市_暴雨改變率_rcp45_第5百分位.csv
121.6,25.05,-3.355478115,-4.858928113,-8.096192991,-10.59590859,-13.14854751,-15.36791339,-1.402536132,-3.137234501,-7.587284487,-11.62430524,-15.15585534,-17.84205253,-3.663110413,-5.657738648,-11.83299842,-15.4033709,-18.43254432,-21.36238681,-4.878436633,-9.913685327,-15.01783721,-18.39912838,-21.236454,-23.66073682,-4.873144202,-10.3670945,-15.25280561,-18.95413114,-22.05895599,-24.71106269,臺北市,rcp45,5,IDF-CC_臺北市_暴雨改變率_rcp45_第5百分位.csv
121.6,25.1,-3.369083544,-5.651222142,-8.997429946,-11.80774625,-14.26311828,-16.79972928,-2.420295382,-4.538399592,-9.411233779,-13.66455874,-17.48727175,-19.58937862,-4.870727033,-7.606925338,-14.45233836,-16.91597852,-19.65658223,-21.98364629,-6.471239399,-10.61636708,-15.40012944,-18.59589309,-21.26461043,-23.53488611,-6.097584882,-10.84679442,-15.42839027,-18.8574221,-21.71720219,-24.1463664,臺北市,rcp45,5,IDF-CC_臺北市_暴雨改變率_rcp45_第5百分位.csv
121.6,25.15,-4.437321764,-7.722429971,-11.94047603,-14.44440111,-17.01113706,-19.33858637,-5.693540494,-4.568350817,-11.01425876,-15.64371336,-17.01887067,-18.07939479,-8.478854158,-8.69889254,-15.58686244,-18.74663211,-21.14390034,-23.58470579,-10.41542532,-12.05084641,-16.87237856,-19.28628162,-21.27424893,-23.3296902,-9.864703446,-12.95202959,-16.25840776,-18.57782271,-20.48606829,-22.09576913,臺北市,rcp45,5,IDF-CC_臺北市_暴雨改變率_rcp45_第5百分位.csv
121.6,25.2,-3.641849636,-6.932961995,-8.809948458,-10.86953394,-12.7499399,-14.46481724,-4.191196312,-5.2681241,-11.15575653,-15.83965919,-17.85117834,-18.92700686,-8.678291849,-9.585552735,-15.65863618,-19.78613981,-22.45603882,-25.1400994,-10.27177871,-12.94104245,-18.2954216,-21.2967329,-23.76810524,-26.15385513,-9.243310516,-12.00368546,-16.93825203,-20.05338565,-22.64140265,-24.99074778,臺北市,rcp45,5,IDF-CC_臺北市_暴雨改變率_rcp45_第5百分位.csv
121.6,25.0,-3.56354883,-4.727001391,-8.389598202,-10.44036502,-12.10832059,-13.50668556,-1.380880379,-2.694352895,-5.876515584,-9.75267141,-13.06220193,-15.09336376,-3.59608356,-4.147922067,-8.681670744,-11.76227231,-14.32187885,-16.55639831,-4.185151728,-8.255609093,-13.6570724,-16.7344038,-19.14669202,-21.21400061,-4.416979209,-10.22171118,-13.92183668,-17.07874458,-19.73695399,-22.01632943,臺北市,rcp45,5,IDF-CC_臺北市_暴雨改變率_rcp45_第5百分位.csv
121.65,25.05,-5.236145272,-5.732663112,-7.896567394,-9.974412752,-11.78755844,-13.44318634,-5.366171521,-4.964168339,-10.36868497,-14.0484994,-17.35094288,-18.33610402,-6.729402702,-7.457997898,-13.09242081,-16.34813117,-19.19187905,-21.03971919,-8.40672011,-9.905488137,-15.29559541,-17.80085964,-19.89651517,-21.68214606,-8.122787935,-11.41975199,-15.33325433,-17.64623272,-19.58387138,-21.42912085,臺北市,rcp45,5,IDF-CC_臺北市_暴雨改變率_rcp45_第5百分位.csv
121.65,25.1,-6.183470183,-6.942765947,-9.729010384,-11.70957369,-13.6131939,-15.55579987,-6.19180928,-5.747314427,-10.81330783,-14.9288326,-17.08900544,-18.0180431,-8.510526786,-8.270536074,-13.96828988,-18.01643527,-20.5842301,-22.43674282,-10.33194192,-11.38705139,-16.59959141,-19.1124222,-21.1886325,-23.03984613,-9.543538193,-11.94032122,-16.04862963,-18.6512138,-20.80703178,-22.62737065,臺北市,rcp45,5,IDF-CC_臺北市_暴雨改變率_rcp45_第5百分位.csv
121.65,25.0,-3.532166621,-5.760980236,-7.547912885,-9.471590201,-11.37512726,-13.0526284,-2.989956279,-2.674947141,-6.904870083,-10.68225276,-13.81620284,-14.58304436,-5.184223698,-4.667213717,-9.356753092,-12.96059062,-15.95213514,-18.4828405,-6.754099826,-8.915113814,-14.17955921,-16.52556613,-18.49494295,-20.18009874,-7.1335431,-11.24653921,-13.8937711,-16.35527573,-18.42701185,-20.20377541,臺北市,rcp45,5,IDF-CC_臺北市_暴雨改變率_rcp45_第5百分位.csv
121.45,25.1,26.71952858,36.27553835,42.65917777,47.29491675,52.45891864,57.11492544,30.46435108,41.82913566,54.82335348,60.39241153,65.07164089,69.12373519,31.56772657,37.38562784,43.12666152,48.33422856,55.4007967,62.12554518,33.25792073,39.06141021,45.84733958,50.15074957,53.08011871,55.51747594,33.83861009,38.67685322,47.66563032,53.03698107,54.40779773,55.56778979,臺北市,rcp45,75,IDF-CC_臺北市_暴雨改變率_rcp45_第75百分位.csv
121.45,25.15,28.31487919,35.23520487,41.27076684,45.13692858,49.27292095,53.12884898,30.71383305,39.6705439,49.20179603,54.32924311,57.82112096,62.06738395,31.77765044,35.99930244,41.1162638,45.05866477,50.79116162,55.99033039,31.14918212,40.99152217,44.78795506,47.44935572,48.59806552,49.57978061,31.31016634,38.14283006,54.12224502,55.48869094,56.59384651,57.51095623,臺北市,rcp45,75,IDF-CC_臺北市_暴雨改變率_rcp45_第75百分位.csv
121.5,25.05,27.42308719,34.88319505,41.38416156,45.16445175,48.22308691,50.98214431,33.29214158,39.69033734,48.9386576,54.56687786,59.32287837,63.40040916,32.77710252,37.71833006,49.52643992,55.66434937,61.21771532,66.2807585,32.55167302,38.07950256,39.90675994,40.58829547,43.7781513,52.41021724,33.17187593,39.68698998,44.69400126,46.69422711,48.32348844,49.28434692,臺北市,rcp45,75,IDF-CC_臺北市_暴雨改變率_rcp45_第75百分位.csv
121.5,25.1,26.37290826,37.26480483,44.92098677,51.22570299,56.55580284,61.13069214,32.44913044,43.40878325,52.33806678,57.21916938,63.02031194,68.22505401,32.80568107,40.12260535,48.66184208,54.37819697,59.5663189,64.30919275,32.35551408,39.78711866,43.73506854,44.74713896,49.66721507,54.4034135,36.55730305,41.86521967,46.74386902,51.36509099,52.12556572,52.75242313,臺北市,rcp45,75,IDF-CC_臺北市_暴雨改變率_rcp45_第75百分位.csv
121.5,25.15,24.18283641,31.35395057,43.08721576,50.55873875,52.29651819,53.67954531,29.69924918,35.94363076,42.57664185,47.98271876,51.37272284,54.36297318,33.7689433,33.11923157,48.22078835,54.92223514,57.92677963,60.57294899,33.29009437,34.52973108,38.15627,43.24603198,48.04100448,52.31302268,34.59451198,40.58659232,44.42718473,51.06486887,56.92820146,62.15714161,臺北市,rcp45,75,IDF-CC_臺北市_暴雨改變率_rcp45_第75百分位.csv
121.5,25.2,23.8150331,28.48052329,39.81613724,47.14167883,53.60322931,55.79346006,31.49133869,37.86889503,40.96243623,47.857722,51.17039272,54.08813337,34.30787883,35.0501513,46.09278233,55.80926293,58.98309511,61.1249798,33.84827358,37.03321661,41.23510932,46.16485063,51.72452583,56.69674597,35.41924716,43.70719743,47.49484601,51.45383556,57.9182999,63.81107598,臺北市,rcp45,75,IDF-CC_臺北市_暴雨改變率_rcp45_第75百分位.csv
121.5,25.0,27.33980015,32.57506983,41.24171378,45.2952993,48.63204597,51.87562788,31.51503587,40.043637,46.16220183,50.97315508,54.9514398,57.83611147,32.91968267,37.2121144,46.25585697,52.31053974,57.80903046,63.92943166,30.62820783,39.50971327,43.36459196,44.68385218,50.26000121,55.43242165,31.00562382,36.13328293,41.97366257,44.97957939,47.36235782,49.29498407,臺北市,rcp45,75,IDF-CC_臺北市_暴雨改變率_rcp45_第75百分位.csv
121.55,24.95,29.12499187,34.85870143,40.94021156,43.72339315,46.11144085,48.20449512,31.51744414,37.67114463,44.29760832,47.75024177,47.15536696,48.80290615,34.60796341,39.0433196,41.27009701,48.20540811,54.43647981,60.06513216,31.39091988,35.76022041,39.75341257,39.34836002,47.71985525,52.93696411,33.66441254,39.88045996,38.18400968,39.14022497,40.59282381,45.55472302,臺北市,rcp45,75,IDF-CC_臺北市_暴雨改變率_rcp45_第75百分位.csv
121.55,25.05,30.04162817,33.57801407,37.71634156,39.93923298,42.1284094,44.1389988,32.78350066,41.05860229,43.86495875,46.85320802,49.26756025,51.45960604,34.8694674,40.92083224,55.39664246,62.61256661,67.8919236,71.14263756,32.00446711,40.17367892,40.58806543,41.1960099,48.95721,59.07010175,34.06244265,40.92309013,41.80198202,42.15983139,42.45346346,43.31471539,臺北市,rcp45,75,IDF-CC_臺北市_暴雨改變率_rcp45_第75百分位.csv
121.55,25.1,28.23301424,31.51374975,40.71700349,42.02580326,46.4651453,50.42227967,31.73946593,38.79718491,45.92722831,50.23451614,53.88587345,57.0375202,34.44914096,44.46428653,55.02175316,62.11705819,68.47863684,74.19488589,31.83898563,42.72053526,39.04537895,45.53294593,51.66920907,57.42950509,36.26564366,39.04443387,43.43768481,43.91272937,44.56755664,44.79899482,臺北市,rcp45,75,IDF-CC_臺北市_暴雨改變率_rcp45_第75百分位.csv
121.55,25.15,22.37949036,26.56498181,36.0147624,39.59791356,42.41623407,44.69727846,28.5742488,33.58214874,38.81910815,42.0926623,44.94444897,46.79786645,35.39131037,31.98738157,47.79145475,58.52737544,68.39296832,72.71888743,33.94899058,34.84646462,43.7193486,50.6317934,56.72107647,62.13420488,33.91267514,38.42384195,45.08648221,52.82984282,59.78253286,66.10128407,臺北市,rcp45,75,IDF-CC_臺北市_暴雨改變率_rcp45_第75百分位.csv
121.55,25.2,22.80561485,28.84363307,39.30011306,45.62254749,49.59197625,52.86843194,30.67341653,35.2919775,40.36504252,43.15691787,46.89161944,49.23618489,36.78834631,33.88548695,43.14058801,52.9315118,61.94486622,70.29508889,35.89993219,38.64739466,42.90495738,50.71013493,57.76451222,64.2068921,37.02515133,39.99452289,42.21778344,48.99500697,55.74008498,61.91677103,臺北市,rcp45,75,IDF-CC_臺北市_暴雨改變率_rcp45_第75百分位.csv
121.55,25.0,27.77558832,33.6925929,35.25891579,39.594398,43.18475559,46.21257886,30.43681137,41.5805854,41.96608314,43.78385393,46.94239453,49.61002317,33.12952118,38.60797597,51.42457567,58.51835859,62.67558542,65.71610861,30.40884172,37.47739167,39.72219331,42.38190314,49.47377098,57.18135291,31.66613121,35.75462453,39.87669371,39.90736218,41.80800284,43.47612848,臺北市,rcp45,75,IDF-CC_臺北市_暴雨改變率_rcp45_第75百分位.csv
121.6,24.95,25.49978843,35.23169051,39.61067353,41.95631549,43.9319423,45.63811055,30.55017745,39.48498678,43.93416782,46.49388109,48.60813546,50.4004683,35.2277259,37.49643798,43.43285993,47.44778589,51.05056462,54.28529565,31.04453265,35.30714662,38.20021284,38.24153621,43.55244262,47.05446819,34.20041024,35.60508442,37.65104753,39.32819298,41.40978517,43.62082686,臺北市,rcp45,75,IDF-CC_臺北市_暴雨改變率_rcp45_第75百分位.csv
121.6,25.05,25.91431737,28.75116666,36.66683152,41.28187206,45.14495234,48.43208286,31.71056359,35.74978329,39.1960108,41.02342933,47.4495448,54.67837227,34.1402628,37.46757266,43.30142875,53.97772253,64.16729685,73.82235507,34.34528131,37.00609556,40.31226339,42.48075073,47.53274889,58.45775825,30.53151221,36.82977192,39.79619621,38.85344873,42.67066107,51.62231204,臺北市,rcp45,75,IDF-CC_臺北市_暴雨改變率_rcp45_第75百分位.csv
121.6,25.1,24.13922632,29.14233752,35.52822458,39.13301019,42.20279073,46.48652569,29.74670784,33.87111788,38.46733969,44.22728751,49.29998465,51.19183574,36.24733574,34.60623604,47.38447229,59.16909535,68.84993915,73.62264685,31.97119059,34.18956767,36.51318181,40.35504207,44.5358562,48.31040643,31.72480045,34.58393131,42.54830665,48.42519117,53.62821626,58.27708978,臺北市,rcp45,75,IDF-CC_臺北市_暴雨改變率_rcp45_第75百分位.csv
121.6,25.15,22.71628423,27.04039191,37.09370365,46.30909859,51.5147739,55.152249,28.5774824,33.19529007,37.90166183,40.79153503,43.28041411,45.46358799,35.72486544,33.30039035,44.26433372,55.04250281,65.02253898,69.99306263,35.79263787,36.52941218,42.69231808,50.78092199,58.0819724,64.74105726,33.15757874,40.61991746,41.20818615,48.95568,55.96918528,62.38867347,臺北市,rcp45,75,IDF-CC_臺北市_暴雨改變率_rcp45_第75百分位.csv
121.6,25.2,20.37484582,26.64167825,37.20679967,44.56785954,51.29662454,57.48771044,31.14261996,35.17162263,39.98142176,40.48071617,48.84404685,55.10319404,37.29528445,35.43833732,45.54348101,52.62215843,58.53157729,63.55122545,37.04671563,38.8171356,44.81379312,47.99550303,50.76152179,55.07334872,33.72126666,43.86041352,39.84325648,47.12007616,53.22242046,58.41473648,臺北市,rcp45,75,IDF-CC_臺北市_暴雨改變率_rcp45_第75百分位.csv
121.6,25.0,28.26763404,31.36476242,38.30041084,40.54413993,44.69170712,48.99145428,30.78897631,36.47777556,41.69122584,41.32646008,43.52661724,49.66354019,32.1754867,37.3462159,43.05375586,50.20115712,58.94611022,67.16000135,33.00876802,36.83239561,39.79161137,42.81016485,50.99532247,60.43534688,30.63394982,36.8398952,38.01586047,41.2536782,40.66779678,49.19747722,臺北市,rcp45,75,IDF-CC_臺北市_暴雨改變率_rcp45_第75百分位.csv
121.65,25.05,23.6452434,28.63888083,35.97964015,40.75796687,46.96446303,52.78960428,29.52855844,32.13725599,38.59609275,44.78494664,45.37549243,45.79723245,35.95736385,36.48092346,48.10590637,53.07521745,55.94363857,58.39808478,29.21724303,33.57766425,37.2614885,42.59169482,47.34084278,51.60203776,29.76891816,34.06881753,43.67673375,49.95608122,55.53688717,60.53821604,臺北市,rcp45,75,IDF-CC_臺北市_暴雨改變率_rcp45_第75百分位.csv
121.65,25.1,21.42067003,26.63113306,37.86588445,46.45175723,54.39400907,56.82388296,28.36938641,31.3303866,38.16942413,42.30466494,42.65582343,42.87074171,33.94890699,35.88920493,45.36075619,50.19017135,52.26289203,53.97577535,32.68836675,34.70370621,43.66690314,50.93731194,57.44857589,63.32035476,30.9178824,38.1745922,41.37857327,48.99496899,55.85220307,62.09180833,臺北市,rcp45,75,IDF-CC_臺北市_暴雨改變率_rcp45_第75百分位.csv
121.65,25.0,25.13706346,28.24696367,36.08956723,40.18996076,45.50817725,50.46238311,29.68987266,37.78055109,37.074868,41.39615067,45.56838685,46.53480118,34.62868588,37.7072091,45.30011786,56.10419532,63.89446959,67.78669198,27.82623664,34.28885066,37.33693765,41.05613257,45.1287363,51.80112568,28.8092754,33.28067452,43.05134484,47.41176671,52.36929919,56.80810781,臺北市,rcp45,75,IDF-CC_臺北市_暴雨改變率_rcp45_第75百分位.csv
121.45,25.1,52.70299231,97.09585308,121.8332735,133.0840391,143.7998694,153.1544137,46.54359049,79.4648786,97.83938995,108.8709761,118.4632026,128.6529869,50.11411807,73.24720109,88.2162955,99.30147311,108.8256737,117.2003323,52.75916653,74.00094888,93.89926235,106.614286,117.8302395,128.461322,51.13863902,71.37437127,99.18578841,117.1559432,133.3500939,148.3427456,臺北市,rcp45,95,IDF-CC_臺北市_暴雨改變率_rcp45_第95百分位.csv
121.45,25.15,57.68534373,101.0206463,122.4846173,135.1644122,145.7195882,154.6784446,49.73645751,79.59833848,96.58321356,107.6140701,117.588899,128.4711861,52.20174041,73.81777707,88.71601328,100.788882,111.3619919,121.4732462,54.57251253,73.45040215,93.27208728,106.0733621,117.4066158,130.3102022,51.90751134,74.9590134,102.1830326,120.8246358,138.1061879,154.2409584,臺北市,rcp45,95,IDF-CC_臺北市_暴雨改變率_rcp45_第95百分位.csv
121.5,25.05,51.51368145,95.10233347,121.6249594,133.6966538,144.4221515,154.1817715,44.53616966,76.50156958,90.09966769,98.33838087,105.1957431,112.3935474,47.44866986,71.61314072,83.14755255,90.63645865,97.98656191,104.3062729,48.73630803,72.10690695,87.71072765,98.4302712,107.7014298,115.837369,47.16437993,69.51451045,90.68577455,103.4261376,114.6747623,126.2476652,臺北市,rcp45,95,IDF-CC_臺北市_暴雨改變率_rcp45_第95百分位.csv
121.5,25.1,51.31518413,96.68922103,118.2216698,130.5669501,141.4408779,151.1016656,44.77190107,76.35576136,93.70583386,104.12175,114.1068421,123.949895,48.43730438,72.12129652,85.67675441,95.40207238,104.3406714,112.1240907,51.63094045,73.67407225,92.76310513,104.7830537,115.2565394,124.5100332,51.88571682,70.12677428,96.47382195,114.0738757,128.7644272,142.1615607,臺北市,rcp45,95,IDF-CC_臺北市_暴雨改變率_rcp45_第95百分位.csv
121.5,25.15,72.10415673,96.82581753,115.0607041,125.4724016,133.9320005,140.9634859,63.61127969,79.58036399,98.07705977,111.9146312,124.9419343,136.5097619,59.62396929,73.54015168,95.69040223,112.071989,126.6691105,139.8052188,58.5463429,71.26792496,89.16115509,107.0586635,123.2427177,137.9831486,58.01133922,71.81612441,95.60384007,113.0262866,129.2739086,146.1578074,臺北市,rcp45,95,IDF-CC_臺北市_暴雨改變率_rcp45_第95百分位.csv
121.5,25.2,69.43970239,91.15493271,107.7635662,117.1766039,124.7818374,131.0709004,61.51795534,74.68709542,94.22333489,109.0869611,122.1291534,133.7018764,55.34188869,68.57984754,92.65296399,109.149357,123.9151965,137.2544893,56.684971,68.92021225,88.96335559,105.7726584,121.495168,135.7964434,58.68141328,73.36720301,96.24439494,113.5436193,129.6482217,144.743066,臺北市,rcp45,95,IDF-CC_臺北市_暴雨改變率_rcp45_第95百分位.csv
121.5,25.0,56.66969929,99.8836012,121.0642507,131.1230606,140.1578857,148.1941714,49.49990868,77.77756847,90.97194526,98.47781407,104.6102229,109.7529186,49.99533507,72.23038555,83.07361176,90.89014679,98.48243002,105.0739988,50.30329971,71.80579145,86.41135873,95.31338703,102.9152801,109.5220036,46.57940756,69.76423834,86.5340989,98.20194353,108.4585492,117.5855944,臺北市,rcp45,95,IDF-CC_臺北市_暴雨改變率_rcp45_第95百分位.csv
121.55,24.95,50.688336,88.24762448,125.9753493,138.8492319,149.4001628,158.2449558,46.87633824,75.84894094,95.20776876,106.9031569,117.2235691,128.0058375,47.20586548,68.08130757,82.97403153,93.58910732,102.6339137,110.4644393,48.80758072,68.33424203,84.82591587,96.11734376,106.1846566,115.0688227,50.5844158,66.27947185,88.40001699,102.0151121,114.043969,124.7808965,臺北市,rcp45,95,IDF-CC_臺北市_暴雨改變率_rcp45_第95百分位.csv
121.55,25.05,51.74042054,91.71904129,115.3480838,126.9373895,137.0974518,146.1854116,44.04360737,73.38968016,87.52530317,96.09494227,103.6588521,111.682787,48.53144895,67.30164467,78.75762982,86.69554557,93.86312523,100.009386,50.97963912,68.24935012,83.90680649,94.34271629,103.3028257,111.1079833,49.67653614,68.01596533,87.53462091,99.90959514,110.7160642,120.8103452,臺北市,rcp45,95,IDF-CC_臺北市_暴雨改變率_rcp45_第95百分位.csv
121.55,25.15,73.58593828,90.52228622,106.3201303,115.1391747,122.1971153,127.9899017,63.83955132,76.28124668,96.50431444,110.7660414,123.1417991,134.0239158,55.6681813,71.3867188,97.61354304,114.7268944,129.9852395,143.7252339,58.20675197,71.52183647,93.75893322,108.7690514,123.6623117,138.0376613,61.7272224,69.07943122,87.62122469,104.7745034,121.3682132,136.7961837,臺北市,rcp45,95,IDF-CC_臺北市_暴雨改變率_rcp45_第95百分位.csv
121.55,25.1,57.75242821,93.24807785,109.5222749,120.5197303,130.1802539,138.8297665,48.24666364,73.22809864,85.65387669,93.98385628,102.1664969,113.8191712,51.54997614,67.95308128,78.48319083,86.23338904,93.51128589,99.8302887,54.18151042,68.13258095,86.16753349,98.15411172,108.6303714,117.900229,53.00592974,69.30847554,91.74218886,106.5111574,119.7703347,131.7788026,臺北市,rcp45,95,IDF-CC_臺北市_暴雨改變率_rcp45_第95百分位.csv
121.55,25.2,64.63146481,86.72119941,101.6453556,109.9800687,117.6689984,124.8149317,57.0333465,72.36086498,95.18251658,110.2451709,123.4449748,135.1463535,53.58910765,70.55255886,97.23711644,115.0754139,131.2689142,146.0852246,55.8648256,72.33785201,94.27962591,110.0650891,124.236598,137.0794046,56.32482356,71.73863676,92.45440742,107.1421373,121.5705987,135.0480209,臺北市,rcp45,95,IDF-CC_臺北市_暴雨改變率_rcp45_第95百分位.csv
121.55,25.0,56.19622595,96.64340494,124.9388279,137.149384,147.7681726,157.2294174,50.17308007,79.26893825,91.3521177,99.30241939,105.8299377,111.3272535,50.14346549,73.13693895,84.30097999,90.63373378,97.47225283,103.6452146,50.84254007,73.01650118,87.50608676,96.24912354,103.7065069,111.0041112,47.71543631,71.01679249,88.68377477,100.7533375,111.3211279,120.6883058,臺北市,rcp45,95,IDF-CC_臺北市_暴雨改變率_rcp45_第95百分位.csv
121.6,24.95,53.21908329,90.43932411,120.5719618,132.6656673,142.5609185,150.8426234,48.07371745,73.06231781,92.74544833,104.6908434,115.8186158,126.6721797,50.00036658,67.31003999,80.83817714,91.32427266,100.2789265,108.2681443,51.90629721,67.16258095,82.66522311,94.05540115,104.0302703,112.8706291,53.26277933,65.64790068,87.79009738,102.4062087,114.5243042,124.3013632,臺北市,rcp45,95,IDF-CC_臺北市_暴雨改變率_rcp45_第95百分位.csv
121.6,25.05,58.86516092,95.35375331,110.6736006,119.3093349,127.5830707,135.7197397,51.01740599,75.63129845,88.55812004,97.01211861,105.2038055,113.7074332,54.70599729,69.44761323,80.77616771,89.70229624,97.96065304,106.2206001,56.77847549,68.7598329,80.69424235,91.11762767,101.3242238,111.7054755,53.74466917,65.64035458,86.72664857,101.2272228,114.3992951,126.458072,臺北市,rcp45,95,IDF-CC_臺北市_暴雨改變率_rcp45_第95百分位.csv
121.6,25.15,67.4316042,89.56544131,105.2859964,114.0013723,120.9394445,126.899884,59.7743876,74.84693059,96.35793983,110.9655725,123.6561303,134.8219952,54.40982113,70.21486918,96.66298096,114.144273,129.8244251,144.0189582,57.16231061,71.65432881,93.04680013,107.8320869,120.9960427,132.8386812,58.54637005,69.18067174,87.44684607,101.005514,115.8991267,130.2126114,臺北市,rcp45,95,IDF-CC_臺北市_暴雨改變率_rcp45_第95百分位.csv
121.6,25.1,64.84634306,94.79838151,110.5812171,119.4426073,126.5752343,132.4627621,57.06264317,76.75632613,92.7841549,103.7884082,114.5836849,124.0984628,58.75953397,70.07116507,87.97181501,101.5409205,113.5739577,124.360812,57.57659667,68.97875239,82.29650563,95.46324754,108.5912101,120.4580206,54.67088351,66.7424151,87.27295195,102.3886486,116.3349249,129.564291,臺北市,rcp45,95,IDF-CC_臺北市_暴雨改變率_rcp45_第95百分位.csv
121.6,25.2,57.71706767,88.20145906,103.8806118,113.9139481,123.7419305,131.9565696,54.54496602,73.94491368,99.00785068,115.235342,129.849994,143.6407953,50.94524943,73.98759253,105.8115371,127.3740223,147.1039325,165.2641463,51.93531347,73.08505405,100.9704551,119.9295031,137.1643993,152.9477942,53.03588704,70.35468287,94.2311636,110.0647469,125.0210801,138.8361524,臺北市,rcp45,95,IDF-CC_臺北市_暴雨改變率_rcp45_第95百分位.csv
121.6,25.0,58.86564064,98.42654824,116.6394318,126.3531705,135.7474996,143.9792648,51.71636382,77.61394004,89.93750999,98.25594462,105.3064531,111.4133426,53.94401199,72.07867469,82.09107517,90.57355943,97.8605605,104.2295979,54.36351532,71.4960291,83.32321254,91.76360383,99.92917361,107.4480796,53.66330959,68.21048431,86.68454128,100.0701896,112.0703978,123.456654,臺北市,rcp45,95,IDF-CC_臺北市_暴雨改變率_rcp45_第95百分位.csv
121.65,25.05,67.7129909,100.310582,117.4426134,126.9355242,134.5002978,140.6891699,57.82308103,81.14753884,98.42762757,109.4067018,121.0421564,131.3717689,60.38129371,73.53763846,94.23829629,109.1427576,122.5488697,134.7288253,59.51886394,71.98821122,91.24394344,106.4328381,120.2842313,133.0245282,57.34702915,70.11970893,87.55769495,101.1993388,114.0181289,126.8128421,臺北市,rcp45,95,IDF-CC_臺北市_暴雨改變率_rcp45_第95百分位.csv
121.65,25.1,65.47605963,95.60752439,111.4791982,120.1895382,127.0770705,132.6713106,57.00438342,78.54578619,98.30076288,112.9067837,125.7269708,137.115866,56.3719569,73.04614438,99.58429014,118.1721595,135.154983,150.7828196,55.95798822,72.93936264,98.68543545,116.1865612,132.1688352,146.8809235,55.3537064,70.67246989,92.27939949,106.5792201,119.8329194,132.213728,臺北市,rcp45,95,IDF-CC_臺北市_暴雨改變率_rcp45_第95百分位.csv
121.65,25.0,63.83086384,100.693745,119.5406447,130.2244995,138.8684348,146.0298805,54.91826099,78.57091719,95.34612897,105.797247,114.7738001,123.3939912,58.95632635,74.0396036,87.16628223,97.42979332,107.3442091,117.0009241,59.29338817,73.1513289,83.80564442,90.1690874,98.64414932,109.2334741,55.8954307,70.24469805,86.59214014,101.4205209,115.1008667,127.8156781,臺北市,rcp45,95,IDF-CC_臺北市_暴雨改變率_rcp45_第95百分位.csv
121.45,25.15,5.767896546,-2.029857173,-0.31258911,1.209391338,2.473176049,3.545733596,2.666023519,5.451979651,5.223155656,7.423986955,9.327327321,9.526373568,8.378592967,11.51929031,10.82417495,10.23308826,10.4716587,12.29781813,7.010050394,12.05000142,12.29454275,12.08570258,11.73891154,10.73843773,9.42287034,12.1084042,12.05828969,10.00832722,5.547407263,3.808363704,臺北市,rcp85,25,IDF-CC_臺北市_暴雨改變率_rcp85_第25百分位.csv
121.45,25.1,6.147521069,1.484294262,-0.627759612,2.686969819,6.668132287,10.24947637,5.846599388,11.03633191,5.77141008,8.134068488,10.19646643,12.01715348,6.281354289,9.930426611,8.732437226,10.21955674,10.97690692,10.20340926,7.46736516,11.23481203,12.93162112,8.38590125,7.489809996,8.692939755,9.142626139,10.85991627,9.55040652,8.217854491,6.916842757,3.952497105,臺北市,rcp85,25,IDF-CC_臺北市_暴雨改變率_rcp85_第25百分位.csv
121.5,25.05,4.793175047,1.928985863,4.988464603,6.540614656,7.040971569,7.710537076,5.978268824,9.470623903,9.04954282,5.211302299,1.056914327,1.198585474,8.75555516,7.600985891,6.782887588,6.346287939,5.707114019,7.017081118,8.860062482,11.65429596,7.15037502,8.348363172,8.017412327,6.723232139,7.601272277,6.199457517,7.017572563,7.682643126,3.541828794,5.483314973,臺北市,rcp85,25,IDF-CC_臺北市_暴雨改變率_rcp85_第25百分位.csv
121.5,25.15,3.899244072,-0.531357649,-5.280148543,-7.936027485,-4.522305149,-2.813149217,3.075168426,0.064784619,-1.201102076,-2.523688903,-2.173145889,-2.65333061,4.561373525,6.362294521,6.068342157,4.287303177,-0.433032529,-3.435460501,2.955406064,9.402076144,6.742608106,5.501629447,2.035888332,3.873723108,3.961891799,7.029343686,4.506691714,4.415202045,4.142679022,3.961271201,臺北市,rcp85,25,IDF-CC_臺北市_暴雨改變率_rcp85_第25百分位.csv
121.5,25.1,5.70810285,1.964380703,0.359021822,6.238497248,11.51082516,10.93867475,6.461833413,8.744522272,6.968721031,6.149944966,5.955302107,5.618811803,6.541291263,8.376728712,9.5180278,10.24769116,6.475369948,7.696100792,8.069279069,13.36116277,7.50282198,7.394954185,6.302873391,7.136025356,7.620883949,9.412499451,3.113971426,1.41494227,2.360066255,3.814115412,臺北市,rcp85,25,IDF-CC_臺北市_暴雨改變率_rcp85_第25百分位.csv
121.5,25.2,3.983416037,1.405274844,-3.923125276,-5.413969562,-5.302382889,-5.361340717,4.71809126,1.358672067,-2.205581318,-3.71236034,-3.066751412,-2.467427832,3.249783146,5.599765222,7.075672958,4.488413092,-0.330435622,-0.924603439,5.025132204,10.73525132,9.439162422,9.48093587,7.138163451,4.712500415,3.790371065,10.35428608,4.947698252,4.956926643,4.852126508,4.68853525,臺北市,rcp85,25,IDF-CC_臺北市_暴雨改變率_rcp85_第25百分位.csv
121.5,25.0,3.836432839,2.55213074,3.986091435,2.453613202,2.559509332,1.035012835,4.833648457,7.630599473,7.428937221,1.620911273,-3.023601037,-5.848207803,7.772120513,7.048273388,6.290507153,3.507857345,4.879712544,5.166670637,7.50585527,11.0992065,8.352464299,8.317970836,8.368911425,8.464118888,8.11957114,8.381524128,7.799961935,7.180565092,5.687093422,2.967647333,臺北市,rcp85,25,IDF-CC_臺北市_暴雨改變率_rcp85_第25百分位.csv
121.55,24.95,2.467770138,3.563160185,1.537365108,0.80736886,2.101812173,3.306264751,4.955097241,6.556263441,4.80441517,2.2344492,0.227335951,-2.475354482,7.459355674,9.886838918,5.057104021,6.373820229,5.894139883,5.024153054,5.484029972,11.42897431,5.687677165,7.392950904,6.844454269,2.78346756,6.572805277,6.292984342,4.74357227,4.918781585,6.981150731,6.474009615,臺北市,rcp85,25,IDF-CC_臺北市_暴雨改變率_rcp85_第25百分位.csv
121.55,25.05,1.883777545,-0.230718435,5.742323837,3.353778504,5.22804125,1.348768555,5.50097001,6.898063614,7.369150901,3.90836973,-0.087076879,-1.64286706,6.269224563,7.593744123,5.279790902,3.949390797,6.89416748,4.007873908,7.84347294,10.78833945,9.644260111,8.957165409,6.769643354,6.174678476,7.431254285,7.153188547,6.861924059,7.221115034,6.966609744,7.105881965,臺北市,rcp85,25,IDF-CC_臺北市_暴雨改變率_rcp85_第25百分位.csv
121.55,25.1,1.898300632,-2.796053953,4.185542533,5.830723716,2.358215849,0.333638787,3.552993683,8.767495043,5.540270422,2.761657574,-0.071925259,-1.451697915,6.112908188,4.741291916,5.173598417,1.314741418,1.082754963,0.560390229,6.434090203,11.25353517,4.369462538,5.780616065,6.425081867,6.482742388,5.230721424,5.464401904,5.008486736,5.349232436,5.740448471,6.143947959,臺北市,rcp85,25,IDF-CC_臺北市_暴雨改變率_rcp85_第25百分位.csv
121.55,25.15,0.197492613,-0.682243193,-2.641109803,-3.495910753,-5.407356814,-9.87313041,4.788072739,0.06963142,-0.980256938,-5.292026622,-7.652432691,-9.436954445,0.19339812,5.1267398,1.58027245,0.347764109,-1.542775915,-4.057781491,4.416079492,5.98103861,4.196957029,3.511041548,2.47109966,2.075020472,3.65416807,5.31980447,5.24656826,5.418034111,4.997011391,3.560638775,臺北市,rcp85,25,IDF-CC_臺北市_暴雨改變率_rcp85_第25百分位.csv
121.55,25.0,2.191591702,0.868887811,3.203286099,4.630863083,2.981496376,1.542241122,4.028084726,6.28357782,5.979715232,0.297980415,-4.288008304,-5.792207625,6.76213856,7.862710113,7.048620219,1.4156291,3.477178784,5.110698889,6.248774529,9.967294212,9.118550347,9.02388542,8.919629898,8.888310694,5.898194899,7.008726378,7.503307881,9.580525271,6.966902915,5.330639261,臺北市,rcp85,25,IDF-CC_臺北市_暴雨改變率_rcp85_第25百分位.csv
121.55,25.2,5.010618424,2.082853933,2.294354182,-2.363422263,-4.75488573,-7.495624268,4.895173432,3.243881599,-0.833132602,-1.140816066,-1.400813921,-1.625032685,2.754989694,6.940250237,6.038191791,4.539882191,3.124029458,2.635994218,3.981830647,8.555247723,9.844573391,10.24340625,7.642664656,6.156226752,6.160733869,9.660596115,11.50901553,12.39526163,10.56084888,9.782227248,臺北市,rcp85,25,IDF-CC_臺北市_暴雨改變率_rcp85_第25百分位.csv
121.6,24.95,1.15580185,3.224659403,4.682085782,3.212136985,1.955918598,1.694208379,3.967340893,8.16751314,5.939537416,1.671506764,0.969012791,0.343153377,7.605445088,9.027754844,6.3414223,5.070041496,1.807800354,0.412605873,5.661894273,9.635286129,5.745553844,7.288089877,5.856363693,1.659935952,4.767357164,7.688552134,5.141457253,6.905725308,7.571739648,6.212109749,臺北市,rcp85,25,IDF-CC_臺北市_暴雨改變率_rcp85_第25百分位.csv
121.6,25.05,1.308971171,-2.655084335,0.482378852,0.194537881,-1.854536356,-1.601079584,4.89483623,8.135041749,3.578080528,-1.695816808,-4.936294733,-3.260013524,4.825855136,9.231287802,5.628067242,4.105236584,4.066080595,2.019277867,4.0642601,8.701908328,8.0656801,7.635184668,7.361462193,9.228340627,6.412013206,7.514608317,8.59642644,8.359198574,8.781258351,8.944863196,臺北市,rcp85,25,IDF-CC_臺北市_暴雨改變率_rcp85_第25百分位.csv
121.6,25.0,1.003640306,-1.668913814,2.935907189,0.72792525,1.034741881,2.187288102,4.212977565,6.516283395,7.512616305,3.777359245,0.174044376,-2.13191622,5.341390273,9.033788778,8.004391285,6.427425592,5.215113012,5.304293161,4.439438926,10.96944238,9.493932726,9.757812884,6.891419081,9.457158271,5.025543459,8.451542827,8.007148817,10.03045134,10.04978804,10.09538058,臺北市,rcp85,25,IDF-CC_臺北市_暴雨改變率_rcp85_第25百分位.csv
121.6,25.1,1.586382,-1.37444954,-1.308140058,1.413899629,-1.230612934,-1.680583178,4.899807704,2.693214138,2.958458611,-2.334136984,-3.859544915,-3.881104916,3.864722498,9.230607489,6.026455781,4.823906043,1.678460596,-2.455638791,3.655323919,7.385924856,8.590012948,7.53774264,8.811542152,9.00305881,4.986623987,5.952285103,9.352058537,8.873243649,10.61576614,9.667636648,臺北市,rcp85,25,IDF-CC_臺北市_暴雨改變率_rcp85_第25百分位.csv
121.6,25.15,1.878925961,0.485993598,1.584419809,-1.965428748,-5.436447139,-8.260860119,3.605776687,3.096495025,-0.42886946,-2.889112724,-4.889513057,-5.644297875,2.141670553,4.884794939,3.996347089,5.324502427,0.876710431,-2.979493131,2.34955194,6.9331645,11.37078789,9.448136699,6.424611272,3.776099919,4.877752387,9.469220627,8.128699412,5.750428029,4.609317112,3.537263815,臺北市,rcp85,25,IDF-CC_臺北市_暴雨改變率_rcp85_第25百分位.csv
121.6,25.2,2.729842499,1.574163731,0.951241235,-0.892758097,-2.428708965,-3.952965096,3.268651602,2.546342769,1.023409843,-0.909242864,-2.735754865,-4.365157191,3.853450926,3.575163184,6.235316418,8.014935018,5.325734111,4.014833363,3.104140614,6.83481511,9.535675803,9.17740597,8.069878166,6.549743658,7.986744855,10.3774242,10.58836346,9.166055997,8.46808931,7.010557249,臺北市,rcp85,25,IDF-CC_臺北市_暴雨改變率_rcp85_第25百分位.csv
121.65,25.05,1.706937364,4.240751939,-0.166923935,1.538334999,-2.408051875,-5.619199783,2.930990616,1.435571392,2.385237041,-1.58484927,-5.419005126,-6.037520672,3.448039932,7.444724905,8.191851361,7.527429813,3.34024895,-0.129412398,4.168448506,8.562969838,10.40571079,10.18795786,9.994194677,9.832031041,3.719443579,7.44612357,7.642509342,6.523627297,5.492065035,4.655955285,臺北市,rcp85,25,IDF-CC_臺北市_暴雨改變率_rcp85_第25百分位.csv
121.65,25.1,2.211866682,2.564169998,0.977956242,-1.475464561,-5.87511476,-8.421527126,3.339647185,1.259063647,1.138619362,0.913213067,-1.007964369,-1.86736017,2.839246216,5.658461889,8.088677948,9.795353931,5.989587539,4.339444855,4.151075308,7.357696483,9.966774559,9.711564305,9.528574763,8.42152822,5.391431641,9.232021524,7.660937283,8.892843974,5.588971601,4.515092628,臺北市,rcp85,25,IDF-CC_臺北市_暴雨改變率_rcp85_第25百分位.csv
121.65,25.0,1.261542533,0.897608674,2.865123129,2.109779211,2.689720073,-0.679419179,3.668811891,4.920522062,5.81952688,0.723117646,-3.689198555,-2.575216754,3.571039973,10.06994847,9.809431841,8.9905449,6.373381574,5.20748655,2.867936034,11.77815428,9.297089986,11.31181082,13.88103654,12.7392129,3.619378002,9.214377458,12.41583211,8.556284042,11.96265557,11.47126638,臺北市,rcp85,25,IDF-CC_臺北市_暴雨改變率_rcp85_第25百分位.csv
121.45,25.1,13.85310872,19.5645064,26.84593667,29.915651,29.32448032,29.17056554,19.88668323,22.4541976,24.37548033,28.91457899,32.71304132,37.71293281,22.37684868,25.62009231,25.51468208,29.96556426,30.07969667,32.57700674,26.02665277,25.46148717,25.15454867,28.6875133,26.3178032,28.04594894,25.58536523,27.77975055,24.28142289,23.60437619,22.22729037,23.29998717,臺北市,rcp85,50,IDF-CC_臺北市_暴雨改變率_rcp85_第50百分位.csv
121.45,25.15,15.19584975,22.96458215,25.42339365,28.49507784,31.89036548,34.92115164,21.13370711,22.6460676,25.96603839,26.9247659,28.99151033,31.19069291,24.63064966,23.20646782,26.55492234,27.3484335,26.80284573,26.37596272,26.29472246,26.61084832,26.24967633,25.80135825,24.1674003,23.14628259,25.04853629,27.55040589,22.33865665,21.64107981,21.70574606,22.86737932,臺北市,rcp85,50,IDF-CC_臺北市_暴雨改變率_rcp85_第50百分位.csv
121.5,25.05,13.65498633,13.94291702,17.76697916,18.78298944,21.72515648,24.19294544,19.62579124,17.53415065,21.01401301,20.74897733,21.76397154,24.6226252,23.33188582,24.73402667,23.80433436,23.30789886,25.86745112,29.9877566,22.88173351,23.38711673,18.58327306,21.21205139,23.43437164,25.34130114,21.7120203,25.1906295,20.49127462,22.41005234,25.43504127,28.07258336,臺北市,rcp85,50,IDF-CC_臺北市_暴雨改變率_rcp85_第50百分位.csv
121.5,25.1,14.94415073,17.70657064,21.24778017,25.42457262,30.30015631,32.12267461,19.70212363,21.24826921,21.88816086,26.33735516,30.71817338,33.94192004,22.54584858,25.26393269,25.19648343,29.74710979,33.72834665,36.84069509,25.08328375,25.77529941,24.5314451,28.23650364,31.28310292,33.84224891,23.98704318,28.03007664,24.81794795,22.92972925,25.09684076,26.94946847,臺北市,rcp85,50,IDF-CC_臺北市_暴雨改變率_rcp85_第50百分位.csv
121.5,25.0,12.8657036,14.74657911,19.76712953,17.77977764,24.69578608,27.65164026,18.55049196,17.68846138,19.79760642,20.78476545,21.66934567,22.53060012,20.63698001,20.67728591,24.03441542,25.83968032,26.68582736,29.48049683,21.50264196,21.86753725,24.10324128,22.55881229,21.05617448,25.97026395,19.151926,21.80936084,21.99541405,22.62863416,21.50235569,23.43687371,臺北市,rcp85,50,IDF-CC_臺北市_暴雨改變率_rcp85_第50百分位.csv
121.5,25.15,12.99851297,21.49755579,12.64811788,13.86328349,17.22987878,20.4572581,19.0821757,17.5467371,21.92558625,21.4106043,19.81167134,18.37233162,23.36930428,18.16243581,17.82273862,20.84102468,22.68118324,22.52851593,22.42647052,16.31841436,17.21118254,20.19014202,18.05886344,18.73313394,19.92929326,18.89691884,19.15170866,15.07845033,15.92943334,14.44069001,臺北市,rcp85,50,IDF-CC_臺北市_暴雨改變率_rcp85_第50百分位.csv
121.5,25.2,12.74402751,20.33180614,16.80668117,19.28116549,19.66296543,23.40056865,18.37198639,18.47404136,19.35809495,16.48204846,15.97693294,17.24278702,21.18272905,18.564214,18.071463,18.62017472,20.06892392,22.09556253,22.53962769,18.07257779,19.26161535,20.02881356,22.11500744,20.26857873,19.7189186,19.57474363,22.16188314,18.99530883,19.31827498,17.11289387,臺北市,rcp85,50,IDF-CC_臺北市_暴雨改變率_rcp85_第50百分位.csv
121.55,24.95,10.15370963,12.65963622,19.16951417,24.32391266,32.01323893,38.50876056,18.05851104,15.92177004,16.08069435,14.89642051,15.31015751,17.48860503,20.16193236,21.05181184,21.51429467,17.77016503,16.28320408,15.35642603,21.75967067,21.89034564,23.44539759,22.60880934,21.99597421,23.97900686,21.49948933,22.78052565,20.9504026,24.63738039,25.13397711,23.2436243,臺北市,rcp85,50,IDF-CC_臺北市_暴雨改變率_rcp85_第50百分位.csv
121.55,25.05,14.17281583,14.94841542,15.38238179,19.09490536,23.45035665,28.81002585,19.23580598,15.15908176,19.17749689,21.96586098,21.56994694,24.67033742,22.87389106,21.96570876,21.76898384,21.82508382,27.87438281,32.92952991,21.84379955,23.435735,22.59931686,24.18329633,24.32146632,26.51006425,22.86139177,26.262943,20.61475411,24.64154119,28.11960395,29.20185659,臺北市,rcp85,50,IDF-CC_臺北市_暴雨改變率_rcp85_第50百分位.csv
121.55,25.1,14.35529175,18.0933432,22.08658584,24.57261802,26.71329699,25.827398,20.77086512,17.19106475,17.51313264,19.6091833,22.70360994,25.97299709,22.73517595,22.9296748,25.25348287,24.61304353,21.64964627,23.26233932,23.25553938,25.19969556,24.685981,24.51308264,27.976952,28.64599542,22.52417736,25.72802186,25.89421655,26.74805403,27.29491936,26.26659886,臺北市,rcp85,50,IDF-CC_臺北市_暴雨改變率_rcp85_第50百分位.csv
121.55,25.0,12.55921275,13.68000409,16.88759694,20.19405211,22.26148744,23.90044516,19.66813931,15.89707753,17.02680382,19.50543392,18.59888511,17.64976742,19.19923836,21.94810425,23.2510657,22.68371094,22.31396629,22.97709289,20.53471637,19.05293902,23.47534199,23.83958264,26.63859134,26.9826786,18.65378594,21.66213605,21.49212005,22.85619501,22.77205331,22.63033713,臺北市,rcp85,50,IDF-CC_臺北市_暴雨改變率_rcp85_第50百分位.csv
121.55,25.15,13.45121808,17.56709204,14.41106215,19.29507702,22.43792314,22.53737868,17.00095935,14.41116998,21.88024458,20.14926209,21.1034706,22.23057035,18.36415493,16.27674961,16.35395948,16.2649412,16.10825911,16.13551235,17.52197592,16.54573738,16.50986894,15.76782333,17.29070469,17.72600154,15.87781528,16.80163664,15.99179865,16.63635647,16.47804178,14.20255438,臺北市,rcp85,50,IDF-CC_臺北市_暴雨改變率_rcp85_第50百分位.csv
121.55,25.2,16.86248635,19.85260277,20.3016542,19.5841236,18.98550085,21.45096787,17.46905979,16.53775374,21.10916158,20.0502576,20.41541146,19.80788537,18.91603144,18.19644624,20.16712978,18.06714631,19.36916518,22.14853385,19.02807338,19.01787667,18.07186747,18.61199851,22.18743518,21.34547623,14.92641146,16.65211302,21.02895563,21.74796813,23.71208339,20.98806505,臺北市,rcp85,50,IDF-CC_臺北市_暴雨改變率_rcp85_第50百分位.csv
121.6,24.95,9.509480416,14.97408532,18.68757056,21.22181508,27.8932294,34.07781197,17.50753351,17.3005646,17.07414224,16.92932778,18.19563121,20.97842896,19.55606894,20.74586647,23.00435415,20.6375414,18.24995837,19.99048308,20.82049595,21.11740944,24.44104106,26.1970149,29.89665298,31.4007557,20.69718688,22.66418536,22.63952701,25.49080581,24.15084094,22.35799882,臺北市,rcp85,50,IDF-CC_臺北市_暴雨改變率_rcp85_第50百分位.csv
121.6,25.05,15.72696055,17.67937951,19.72484472,20.97536347,22.03769484,22.95374646,19.69548877,16.00505677,18.15572007,18.37167263,19.23543588,21.59826555,19.53471233,21.63744874,24.42351365,26.79138289,25.5670314,24.19835977,19.12054174,21.02098843,22.36415343,23.31611117,24.09132732,24.7385869,18.47277312,23.94781191,22.20358576,20.64957116,19.15145067,19.13337085,臺北市,rcp85,50,IDF-CC_臺北市_暴雨改變率_rcp85_第50百分位.csv
121.6,25.1,16.26161461,20.27902899,18.29921217,14.15065727,14.96528215,18.63282569,19.9543263,15.45698361,16.50385208,16.95130707,17.23646163,17.41892219,19.64647606,20.37120704,20.51544516,25.30639327,25.64380775,25.37143869,18.88007023,17.97081013,21.28302006,21.89894429,20.61293175,21.2248266,16.76470402,19.56592253,22.09175338,21.29690962,20.56499062,20.88315787,臺北市,rcp85,50,IDF-CC_臺北市_暴雨改變率_rcp85_第50百分位.csv
121.6,25.0,13.85272635,15.23839068,15.77713562,16.53950523,22.89734473,25.70660541,17.62877826,15.78209164,19.15111647,20.86786303,23.23417548,22.62179824,18.61245278,21.689072,22.54646181,26.59688209,27.29902679,27.83567174,18.9326846,19.94578288,22.57480813,22.51114654,24.816903,27.07065972,18.37989431,22.25393718,21.19052951,22.98452976,19.97212395,17.78845571,臺北市,rcp85,50,IDF-CC_臺北市_暴雨改變率_rcp85_第50百分位.csv
121.6,25.15,17.50107423,20.43607327,21.68378165,22.47133251,22.0229808,21.64201903,16.43999587,14.99120001,22.17489194,22.5526105,22.86608011,23.13317394,18.03772182,16.41484933,18.65249608,19.53025701,20.28304337,19.7436974,15.3977798,15.63070809,18.52570692,17.88438621,20.4101701,21.47408964,13.8633864,16.05640168,18.12606732,18.15006035,19.82662952,20.36717053,臺北市,rcp85,50,IDF-CC_臺北市_暴雨改變率_rcp85_第50百分位.csv
121.6,25.2,16.58553244,18.66588351,20.0311295,17.6956077,15.7836787,18.4128215,18.46295145,17.14772689,20.72870114,26.5011165,26.31713677,25.54270746,15.98778023,18.20125402,19.02939783,19.4997266,19.54403196,17.57279733,16.29316424,16.91261508,18.71631572,21.45679041,21.40739624,24.42189915,12.39805364,15.61122577,21.20698098,23.54950247,22.72392098,22.48763047,臺北市,rcp85,50,IDF-CC_臺北市_暴雨改變率_rcp85_第50百分位.csv
121.65,25.05,17.33815038,16.57702965,17.42433006,22.73048891,27.48361318,30.95951544,16.18378215,14.8340585,16.48046012,16.05422085,15.72089114,15.45118202,18.06339827,20.14483027,22.12819132,23.61418979,23.2814708,26.08827577,17.73519326,18.01513213,20.28710723,24.20674412,24.73454631,24.46480267,14.5804705,17.87884036,22.72990553,22.54345061,22.2358487,22.10070274,臺北市,rcp85,50,IDF-CC_臺北市_暴雨改變率_rcp85_第50百分位.csv
121.65,25.1,16.79327136,16.28232024,20.71850056,21.31101775,22.84080683,28.6354234,15.45150056,17.64464611,20.66687479,21.37003363,22.04688381,22.69217482,16.05636065,17.98061092,16.791736,17.02792949,20.96155449,22.8499625,14.95048346,17.48602329,20.1479381,21.25602741,24.29081589,21.92802035,11.47242141,18.36011899,22.59241424,21.79592255,21.77437652,21.96924437,臺北市,rcp85,50,IDF-CC_臺北市_暴雨改變率_rcp85_第50百分位.csv
121.65,25.0,16.11894323,17.35273507,19.16175321,18.94745112,23.52179531,28.93894976,17.5284459,16.02768998,17.35474733,19.68471123,20.25911133,21.54030592,19.42728947,17.49248401,24.83172428,25.15389354,25.18271212,23.92607576,18.29512396,18.2390862,23.29191508,26.41089384,26.68696636,26.2317482,16.54109721,20.03653475,20.96258638,22.59080572,21.35738929,19.06937596,臺北市,rcp85,50,IDF-CC_臺北市_暴雨改變率_rcp85_第50百分位.csv
121.45,25.1,-10.82852512,-12.73915058,-17.58823618,-20.69076303,-23.4295898,-26.19335574,-8.668196568,-8.522718809,-11.07382682,-13.37951907,-16.57807253,-20.53843171,-7.856502156,-3.459379035,-1.355508387,-3.560991412,-5.909744316,-8.308085049,-10.99457885,-5.813047588,-3.153092466,-2.52486879,-1.881508316,-3.259157426,-12.0610418,-8.421796421,-4.504345364,-4.072423429,-5.06437612,-7.148849047,臺北市,rcp85,5,IDF-CC_臺北市_暴雨改變率_rcp85_第5百分位.csv
121.45,25.15,-8.930894407,-11.75408934,-13.99289626,-19.02156719,-23.30206503,-26.83200897,-7.422386213,-10.94660933,-13.57113515,-15.32487158,-18.0374571,-22.17997777,-9.212189933,-7.782296279,-5.976852032,-5.389279329,-7.237755796,-9.212443927,-10.49716303,-9.513066919,-6.250932417,-5.134069048,-4.341104463,-4.615969092,-11.8207485,-9.840131424,-7.220747261,-5.974753064,-5.098195443,-4.577230806,臺北市,rcp85,5,IDF-CC_臺北市_暴雨改變率_rcp85_第5百分位.csv
121.5,25.05,-9.436671712,-12.18581483,-17.25599939,-21.13683744,-24.65580533,-27.09495847,-8.858306554,-7.590969579,-10.07975065,-12.56495153,-14.7573415,-17.12136741,-8.677599444,-5.735910008,-3.662938157,-6.463855718,-10.53726284,-14.22411605,-11.0324732,-7.123440504,-2.930948571,-4.187931167,-8.43478799,-12.1511247,-12.44099833,-8.788560048,-6.496315523,-10.20096326,-13.28970267,-15.9179398,臺北市,rcp85,5,IDF-CC_臺北市_暴雨改變率_rcp85_第5百分位.csv
121.5,25.0,-10.31706224,-13.92026006,-18.93040799,-22.05592737,-24.70676501,-26.99583496,-9.165567536,-8.807919535,-11.79801338,-14.59906757,-17.64966749,-20.49247276,-9.47052031,-8.084685611,-8.077028677,-10.95476053,-14.13017735,-16.88205959,-11.48962819,-8.401813285,-5.733529721,-6.597124368,-9.335031644,-13.19971906,-10.15787223,-9.975762063,-8.457100098,-11.66062844,-15.13942259,-18.02656619,臺北市,rcp85,5,IDF-CC_臺北市_暴雨改變率_rcp85_第5百分位.csv
121.5,25.1,-11.4149701,-11.4942574,-17.34314407,-20.35015621,-22.91482767,-25.14084008,-10.07149388,-9.213098939,-11.00863741,-12.52239396,-14.56756468,-18.33940167,-9.10505721,-5.072739873,-1.676828869,-2.035584306,-4.774675974,-7.286566104,-11.53720676,-7.296118866,-2.561198771,-0.696202604,-2.500349882,-5.076900451,-12.49805194,-9.905910414,-4.513695365,-4.587690353,-7.670846099,-10.25364721,臺北市,rcp85,5,IDF-CC_臺北市_暴雨改變率_rcp85_第5百分位.csv
121.5,25.15,-11.75921375,-15.25525083,-12.43419555,-14.97228969,-18.68323559,-21.96247146,-7.03330894,-10.15512402,-16.13446441,-19.96661559,-22.57063859,-24.6306764,-7.392334874,-8.905159392,-11.01068363,-13.39034454,-15.23728203,-15.91604524,-8.707553984,-8.779506136,-9.503537424,-9.988494564,-10.35698458,-12.36985289,-9.102645119,-7.824182416,-9.577695773,-10.55432271,-11.88150611,-14.65679263,臺北市,rcp85,5,IDF-CC_臺北市_暴雨改變率_rcp85_第5百分位.csv
121.5,25.2,-11.4379805,-15.50464733,-15.84725635,-19.26181608,-22.29196925,-24.79228069,-5.535266868,-6.59249581,-13.39946698,-18.70933357,-21.6373271,-23.3129158,-5.617515839,-5.894569014,-5.830734419,-7.495670516,-9.27631465,-10.72389387,-7.430666826,-6.286167219,-4.758563087,-4.802952319,-4.985517095,-5.459878338,-8.055538545,-7.442995351,-7.234620436,-7.887726573,-10.68074457,-13.04671821,臺北市,rcp85,5,IDF-CC_臺北市_暴雨改變率_rcp85_第5百分位.csv
121.55,24.95,-7.965909641,-11.69726675,-17.73549551,-21.63614231,-25.12475221,-28.06890496,-7.877202689,-6.093908599,-8.010025739,-10.84232873,-13.83535963,-16.96275877,-8.108758286,-4.777451377,-4.661377406,-6.768650957,-9.519100416,-12.89129159,-10.58259762,-6.163963864,-4.537517492,-7.078294254,-10.46784923,-13.45022647,-8.467219496,-8.622169253,-8.952724552,-13.34541222,-17.37286725,-20.70933076,臺北市,rcp85,5,IDF-CC_臺北市_暴雨改變率_rcp85_第5百分位.csv
121.55,25.05,-11.45037366,-11.6510982,-17.22001127,-20.60176598,-23.47417657,-25.95447667,-9.561731161,-8.643215204,-11.30289982,-14.94949581,-18.47052432,-21.44624297,-9.512645185,-6.307255267,-4.123738122,-5.422990714,-9.321241118,-12.75660045,-10.95299441,-8.45018673,-4.410830155,-6.858529782,-10.7314761,-14.49230491,-10.25554093,-10.31941195,-8.516961211,-12.82611129,-16.51148922,-19.55241497,臺北市,rcp85,5,IDF-CC_臺北市_暴雨改變率_rcp85_第5百分位.csv
121.55,25.0,-10.92484635,-13.88632779,-18.26132011,-21.32817467,-23.95410753,-26.23901706,-9.6556931,-8.859500794,-11.55025753,-14.86392878,-18.22736042,-21.05717283,-10.03257344,-8.59182718,-7.923190565,-9.756077847,-11.96531002,-15.22626924,-11.47834199,-9.452243942,-6.800228162,-8.732862035,-12.07446483,-15.30380866,-9.649213652,-10.87341226,-10.16811314,-14.16228778,-17.98327643,-21.13647661,臺北市,rcp85,5,IDF-CC_臺北市_暴雨改變率_rcp85_第5百分位.csv
121.55,25.1,-11.73821961,-11.45244063,-15.71183368,-18.90848503,-21.62708036,-24.3079219,-9.485762997,-10.77132115,-11.13352519,-15.13017143,-18.64117628,-21.59627717,-10.67674665,-8.589687663,-5.082035691,-4.855644302,-9.040938403,-13.51976681,-10.94862091,-10.51747829,-6.056895096,-7.569247255,-11.23808964,-14.91887302,-10.56001442,-12.12692798,-9.682287316,-13.55347,-16.93902867,-17.84437069,臺北市,rcp85,5,IDF-CC_臺北市_暴雨改變率_rcp85_第5百分位.csv
121.55,25.15,-13.09417855,-15.25920987,-15.17648654,-16.58976228,-18.75499648,-20.72403386,-7.3301372,-8.242515295,-15.70574181,-18.88213012,-19.72860795,-21.32240911,-4.001009053,-5.087441138,-9.883991071,-13.66011626,-13.79087614,-15.14677256,-5.587475093,-5.835230348,-8.357721661,-11.29393086,-14.87127974,-16.82220964,-6.312515069,-7.856962545,-12.66500715,-17.39336873,-19.67918746,-21.11239744,臺北市,rcp85,5,IDF-CC_臺北市_暴雨改變率_rcp85_第5百分位.csv
121.55,25.2,-11.42406913,-13.88040198,-13.48598629,-15.79685544,-18.55747459,-20.86111659,-5.778792326,-6.653556476,-14.11194218,-16.29345833,-16.89416483,-17.94390843,-2.448164831,-1.067169903,-7.553736379,-10.75523119,-10.51017575,-11.72447364,-4.530016049,-4.461259718,-6.086070262,-10.01349253,-12.57720874,-14.14265218,-6.62955208,-7.47357403,-11.84570177,-16.56443719,-18.09873184,-18.73925237,臺北市,rcp85,5,IDF-CC_臺北市_暴雨改變率_rcp85_第5百分位.csv
121.6,24.95,-7.660334315,-10.73368353,-17.59328207,-21.37411664,-24.3178836,-26.85511153,-7.519278383,-5.61285604,-7.125773576,-10.49065642,-13.25315458,-15.5826703,-7.822856549,-4.104533597,-5.020401049,-6.6351184,-8.173185679,-11.23080807,-9.467443878,-5.442306407,-5.342699454,-8.172779918,-11.71290128,-15.367236,-7.416650281,-8.364259581,-10.5602179,-15.29777886,-18.63346146,-20.04686929,臺北市,rcp85,5,IDF-CC_臺北市_暴雨改變率_rcp85_第5百分位.csv
121.6,25.05,-10.53266919,-9.11203185,-11.57862684,-14.99744108,-18.57552838,-21.61095058,-8.023820223,-9.807513513,-14.20260366,-19.25160478,-23.38235685,-26.84557313,-9.433846214,-8.76727351,-7.547941099,-9.513639472,-11.62224395,-14.79353542,-9.535643128,-10.88314484,-8.687785155,-12.16020962,-15.957223,-18.05253757,-7.58884187,-11.05869709,-12.54744236,-15.95495861,-17.35036996,-18.49767863,臺北市,rcp85,5,IDF-CC_臺北市_暴雨改變率_rcp85_第5百分位.csv
121.6,25.1,-11.12045841,-10.57837912,-11.85449564,-14.96873482,-17.70086798,-20.59233656,-6.402466428,-10.41670635,-16.46471717,-19.18745972,-22.44024644,-25.42087538,-7.2837662,-9.388641158,-10.63262604,-11.59707592,-14.50416147,-17.11681682,-7.53880317,-9.685342825,-11.54005978,-12.4574684,-13.31750884,-13.95039649,-7.538360177,-9.407870116,-13.42216937,-16.28488522,-16.42434647,-16.83903077,臺北市,rcp85,5,IDF-CC_臺北市_暴雨改變率_rcp85_第5百分位.csv
121.6,25.15,-12.05205839,-12.97356563,-14.18181202,-15.98712751,-18.27853983,-20.39986877,-6.753754927,-7.750553758,-15.09313554,-16.17836005,-17.15408777,-20.06411836,-3.496125727,-3.513727657,-10.28339042,-12.27185365,-14.19627486,-17.44448821,-4.624848535,-5.485386652,-10.14259766,-14.3023162,-15.94619318,-18.70105951,-6.132632576,-8.007079557,-15.61166232,-19.2254136,-20.50425933,-23.25463998,臺北市,rcp85,5,IDF-CC_臺北市_暴雨改變率_rcp85_第5百分位.csv
121.6,25.2,-12.06655551,-12.17306174,-15.73253154,-18.71676524,-21.19420622,-23.28085059,-7.010844563,-9.272506358,-14.48867885,-15.55888301,-16.9468097,-18.59094002,-4.109110224,-4.219557641,-10.10102223,-11.3150058,-14.40133392,-17.44267984,-5.400018323,-5.230187599,-9.9348991,-12.64390269,-15.0802889,-17.47889076,-7.612335562,-8.173480314,-14.92272958,-17.54718532,-18.87050441,-21.18384575,臺北市,rcp85,5,IDF-CC_臺北市_暴雨改變率_rcp85_第5百分位.csv
121.6,25.0,-9.861066288,-9.406142036,-11.31242198,-14.7658668,-18.07808622,-20.91945144,-9.01808529,-8.873670558,-12.45898523,-17.16994315,-21.04687864,-24.31411029,-10.39819639,-8.241976791,-7.185731784,-8.946181395,-11.95772982,-15.47237591,-10.06745771,-10.00627235,-7.038741914,-10.033615,-13.4578069,-16.62158355,-8.076053173,-11.17619641,-12.19303283,-15.57727434,-16.85819037,-17.92547032,臺北市,rcp85,5,IDF-CC_臺北市_暴雨改變率_rcp85_第5百分位.csv
121.65,25.05,-11.96494518,-10.88666997,-10.82700912,-13.28800715,-15.58923081,-17.87546559,-5.584195779,-6.400220366,-14.88453306,-16.89538151,-18.46268058,-20.08578406,-5.031032754,-6.830042579,-9.759953363,-11.71095203,-11.35187007,-12.22485298,-6.030263369,-7.533394593,-9.319040244,-11.98020696,-13.18536241,-14.89895609,-7.171198284,-7.653254038,-14.10278033,-16.89600288,-18.21681925,-19.44083147,臺北市,rcp85,5,IDF-CC_臺北市_暴雨改變率_rcp85_第5百分位.csv
121.65,25.1,-12.28629447,-12.3878829,-12.81342111,-14.12655257,-16.50789607,-18.58975586,-6.546584348,-7.411620096,-14.97089667,-16.95096645,-18.21028428,-19.78295064,-4.400732532,-5.635457517,-11.16664978,-13.29785489,-14.26449763,-16.47008934,-5.789575651,-5.517600936,-10.3742706,-14.08127861,-16.12549554,-17.90458141,-7.067062993,-8.055176796,-15.31760889,-19.53713402,-20.96389222,-22.17620725,臺北市,rcp85,5,IDF-CC_臺北市_暴雨改變率_rcp85_第5百分位.csv
121.65,25.0,-9.620371193,-7.620577827,-11.57911934,-15.35843694,-18.51162336,-21.20168454,-6.146296829,-8.780523278,-13.03196578,-17.26407578,-20.20496454,-22.66669782,-6.807214451,-8.983733682,-7.098322262,-9.298415955,-11.37444155,-14.02045859,-6.77458925,-9.302253455,-8.484695812,-11.5261951,-13.66886618,-14.46309538,-6.204810853,-8.619360105,-9.86831398,-13.29498031,-14.74574929,-16.19507325,臺北市,rcp85,5,IDF-CC_臺北市_暴雨改變率_rcp85_第5百分位.csv
121.45,25.1,35.02382179,42.0683155,52.02506263,56.36342419,60.20233236,63.66488459,33.16483085,36.56198487,39.07486845,44.23745612,51.78995909,56.45503651,37.16936729,35.12294746,40.81187381,46.72382314,51.8004443,52.35251961,39.71962012,45.60622871,42.35652957,45.22369475,49.34285788,52.7810217,38.92444019,42.02413399,48.19744625,56.85857456,56.25064772,53.16205496,臺北市,rcp85,75,IDF-CC_臺北市_暴雨改變率_rcp85_第75百分位.csv
121.45,25.15,33.07135487,41.82579683,47.59751309,59.60718688,70.48399393,78.05866427,32.28541538,33.34475498,40.8107276,46.55387149,49.46560837,52.5780363,39.93506777,37.25003188,43.30835488,42.21702936,48.0529807,53.39142522,39.08154411,42.64403558,42.83218075,44.51439876,48.46042102,55.41238122,37.96263408,38.79476449,42.61505564,47.46724816,53.21094954,53.5013981,臺北市,rcp85,75,IDF-CC_臺北市_暴雨改變率_rcp85_第75百分位.csv
121.5,25.05,35.11241103,41.04307964,53.715382,56.96052864,59.66967874,63.48288637,31.47301288,32.64027566,35.52466349,39.81551145,48.31065273,48.47546598,36.4293853,34.96127201,40.55851927,42.92021288,49.52742416,55.13560583,34.74136509,38.94500009,46.31411303,49.4616688,46.39879575,46.31112768,35.51951305,38.42892826,47.8097856,48.26894773,51.18863876,53.03371884,臺北市,rcp85,75,IDF-CC_臺北市_暴雨改變率_rcp85_第75百分位.csv
121.5,25.1,34.97468327,41.44869378,50.78896765,59.06636385,64.47306881,68.49569504,31.08325765,33.90413372,36.39862224,45.61495953,53.36761754,53.73140994,36.41751826,36.62770783,42.37686695,47.28691618,49.37972922,52.40281189,39.44376679,43.82797343,46.08932483,46.20724736,46.67792881,49.19556873,37.81230784,43.77036514,49.63854662,59.99886853,56.60506672,53.144259,臺北市,rcp85,75,IDF-CC_臺北市_暴雨改變率_rcp85_第75百分位.csv
121.5,25.15,32.59780587,35.16603112,46.59811298,60.52740831,68.70325931,74.12211322,29.45055896,34.33743895,35.27616323,39.65922999,42.61690521,47.42727614,36.25292722,33.68538277,31.71687016,36.23901886,37.05161868,34.42693259,34.68780073,33.28362666,37.64879344,31.51142264,30.38936725,30.5482094,36.71468343,34.01520864,36.44028908,36.60461273,37.94791826,36.41192654,臺北市,rcp85,75,IDF-CC_臺北市_暴雨改變率_rcp85_第75百分位.csv
121.5,25.2,34.5001629,37.08581316,51.62386818,58.81753303,63.14282729,67.07389557,27.52182123,32.65639637,38.01226945,36.74389894,42.89842413,45.65167879,34.33942917,31.17240587,34.16187886,36.7904812,36.89414392,37.7971395,38.78773331,34.95379053,35.97373146,29.5471117,31.10185153,33.83588966,35.73787129,32.39872311,34.88304979,34.65860425,38.01995201,34.94763129,臺北市,rcp85,75,IDF-CC_臺北市_暴雨改變率_rcp85_第75百分位.csv
121.5,25.0,36.1617396,43.79288747,51.11621867,59.49998654,64.47693991,69.03176344,29.07495476,35.14639359,32.5657879,34.3258415,42.64183924,44.62336237,40.02159528,31.00220829,33.63512241,37.67949603,41.22620918,45.95737508,35.991039,34.59712281,40.6409137,44.06944115,44.27693895,49.19737026,35.44890961,37.5379441,44.93167797,43.15700946,46.11461773,48.61405171,臺北市,rcp85,75,IDF-CC_臺北市_暴雨改變率_rcp85_第75百分位.csv
121.55,24.95,38.23464997,45.43869597,51.2751391,54.2969226,59.0389869,66.18336669,27.49445359,29.32428713,34.34352505,38.46173315,42.09574029,45.33679626,35.52280639,29.61835942,36.87003088,42.2022359,46.58650022,45.95122554,36.83692378,34.32204351,41.5393466,45.48536223,45.83810683,52.27938693,37.22486165,35.19230527,46.78460569,46.25829019,50.06163722,54.28033022,臺北市,rcp85,75,IDF-CC_臺北市_暴雨改變率_rcp85_第75百分位.csv
121.55,25.05,36.71249605,40.91893097,49.95046468,61.28706723,66.18431057,70.33427852,32.01461043,31.26437061,33.41472779,39.23907625,45.44917093,49.4663457,37.26617706,31.14363317,38.99815138,39.0901507,42.41322343,47.35049622,35.48246315,36.14391688,41.23132212,43.95324027,46.07593299,47.78118175,36.2634071,34.20144438,47.94254037,44.75948096,45.64314796,47.79905638,臺北市,rcp85,75,IDF-CC_臺北市_暴雨改變率_rcp85_第75百分位.csv
121.55,25.1,35.74663765,41.18895263,48.71404561,53.02632098,61.83625905,66.91754574,29.98916991,32.76969677,36.90920354,41.7123019,43.34710845,45.73582633,36.914212,31.66179786,35.70549448,37.85721011,43.43843488,46.46581029,36.04084565,35.3821439,37.32648706,42.771157,47.53519252,51.77293256,38.02120544,34.13716717,42.42126732,47.57814728,51.24965497,56.01948188,臺北市,rcp85,75,IDF-CC_臺北市_暴雨改變率_rcp85_第75百分位.csv
121.55,25.15,30.35410241,35.35099201,46.51066645,61.22911698,58.4148939,63.62818235,27.02109636,29.62391734,32.742461,37.44542574,44.38275004,48.07211877,33.88355697,27.01226969,29.7510896,31.84832071,31.72432089,32.41402948,31.70184918,32.9162335,34.53418739,34.94183082,33.76677634,32.29955615,32.17357344,28.96776608,32.75044805,29.62198511,31.94144129,32.15319011,臺北市,rcp85,75,IDF-CC_臺北市_暴雨改變率_rcp85_第75百分位.csv
121.55,25.2,31.37059383,39.0937586,53.76412162,62.81811785,67.41860293,70.61769465,27.07234937,30.08063041,37.21257543,39.48256001,39.70896912,45.17956938,26.46883752,25.47801739,31.67756397,36.08154116,41.07279192,47.75635333,35.92919475,33.23337883,35.83436184,35.53144382,37.80225666,40.46309487,31.87823686,34.12944243,33.75037208,34.39641639,39.03455348,37.56275949,臺北市,rcp85,75,IDF-CC_臺北市_暴雨改變率_rcp85_第75百分位.csv
121.55,25.0,36.90696324,41.46736891,52.90275865,59.98319695,66.02103583,70.08174363,26.52249745,34.01895572,32.49137286,34.39151233,43.26913134,42.80834028,39.55293412,30.09590515,33.20903006,35.29937626,39.97067986,47.42687299,35.74483184,33.90429579,40.37452452,43.48022613,45.27047864,47.94376663,36.22826944,36.07387811,43.48010581,43.04944689,46.15035507,49.51755129,臺北市,rcp85,75,IDF-CC_臺北市_暴雨改變率_rcp85_第75百分位.csv
121.6,24.95,35.74774415,42.61531186,50.5174687,55.79169586,60.58401525,68.90823134,26.52073983,30.89388028,35.66922848,40.74955859,48.47911422,55.41575648,34.0411589,28.173237,33.63669377,38.300993,42.3908868,46.01500136,36.39385537,32.89591031,39.42288654,43.65998367,45.73438288,51.03675429,36.17218929,33.93173502,43.57264912,46.50518808,50.30182116,56.09721087,臺北市,rcp85,75,IDF-CC_臺北市_暴雨改變率_rcp85_第75百分位.csv
121.6,25.05,34.87257323,39.89892396,54.37954369,62.4997049,68.20813457,71.4271856,29.98581364,32.87404445,34.42655971,42.41356664,50.29354988,51.3940256,35.78458969,30.97435783,28.99059817,33.7943681,37.01659339,43.75334369,34.59003592,28.94858515,33.25770063,38.73903743,42.9427456,45.83572977,37.0270012,32.68887639,37.20547638,47.76281336,45.15948645,49.55751638,臺北市,rcp85,75,IDF-CC_臺北市_暴雨改變率_rcp85_第75百分位.csv
121.6,25.1,32.17263093,38.82822256,52.44724327,64.30984206,70.0107385,70.94799436,32.07561866,32.35853524,35.39988886,43.9549272,48.0966371,51.63473272,33.89480135,31.64981376,28.66814216,31.83269329,33.68218919,36.82261406,32.58963911,30.70702425,33.62115116,32.55868154,36.24286763,36.50048633,35.78800091,31.72229967,35.77976014,38.01075364,40.50928663,38.95057475,臺北市,rcp85,75,IDF-CC_臺北市_暴雨改變率_rcp85_第75百分位.csv
121.6,25.15,30.22045106,35.94770272,53.03113094,60.35327353,58.7320157,63.89344531,29.81802805,31.01519172,35.48016162,39.37295339,44.71590305,47.89584872,27.7763681,27.34143797,27.41001203,35.13872202,36.62557092,38.61749313,30.43951424,32.87439718,33.35885727,35.45801174,36.73609452,37.37589412,29.78869063,27.65530954,30.64902677,31.34500138,35.72696239,38.12268994,臺北市,rcp85,75,IDF-CC_臺北市_暴雨改變率_rcp85_第75百分位.csv
121.6,25.2,27.6909739,39.80222574,56.74107078,64.39243412,72.85649614,78.11718853,28.33092557,32.21338616,37.59074012,36.51102381,38.29498407,45.95325765,25.97938315,26.04493505,28.9100857,34.84314031,39.85669856,44.14968045,33.84617805,35.04962655,28.80844289,33.61353433,35.3122624,37.10690582,30.44585721,30.4891074,29.69136146,32.5677661,37.21342025,41.4341076,臺北市,rcp85,75,IDF-CC_臺北市_暴雨改變率_rcp85_第75百分位.csv
121.6,25.0,35.76194825,40.46130699,54.84470276,60.84034255,65.98472486,70.67928988,27.44110896,32.74851357,33.55631625,42.63808632,49.10184665,55.99560547,34.73339548,27.55220127,31.67035135,33.3070409,38.05947965,42.78795856,32.71527761,31.37068523,37.99279725,41.85607912,45.06651611,47.79682397,35.919718,34.87612899,42.09607397,43.20356147,47.80568255,51.88454338,臺北市,rcp85,75,IDF-CC_臺北市_暴雨改變率_rcp85_第75百分位.csv
121.65,25.05,31.90933852,46.23277291,62.82330575,70.49999054,74.06747818,72.37692624,31.96639452,34.94105574,35.7786438,36.80560435,38.46046641,41.30160078,28.84917684,29.42876723,33.48994018,34.3850807,34.61387766,33.78088067,30.78334403,28.85963079,34.46660065,32.52100022,36.97114915,40.66230454,34.03700388,34.13817959,36.03284317,35.79837853,42.15335366,45.51510751,臺北市,rcp85,75,IDF-CC_臺北市_暴雨改變率_rcp85_第75百分位.csv
121.65,25.1,29.37399949,44.47202524,58.04251446,66.90095491,70.96555619,73.66827357,29.72508488,32.99385581,35.50664047,37.9351903,39.37661139,43.72815079,28.97446467,29.1477675,29.86318504,32.93336804,31.96226838,35.13895766,29.51002572,29.94991797,33.42523832,33.3299294,33.63059836,35.575188,30.08113421,27.54637683,33.17532729,38.37296182,44.38569054,42.11213135,臺北市,rcp85,75,IDF-CC_臺北市_暴雨改變率_rcp85_第75百分位.csv
121.65,25.0,32.79488436,39.3170764,59.87175924,68.03207718,75.57018925,82.33067958,29.60571663,32.51872619,37.43653671,43.64635206,43.14858717,42.72025475,31.46833939,30.81381254,28.6629077,34.72572809,43.0190417,44.4022951,32.69828901,29.54085539,31.55400298,38.08834255,43.55460413,48.2246327,35.67382691,32.49556442,36.7698284,46.8496091,48.26807707,48.31052461,臺北市,rcp85,75,IDF-CC_臺北市_暴雨改變率_rcp85_第75百分位.csv
121.45,25.1,51.79481218,73.23793414,104.7314937,116.4967276,127.8650644,140.0479523,48.53712962,65.27528334,86.81896383,100.4764222,108.5494709,115.4544815,53.78259508,60.20211883,74.87882162,84.47476854,93.66042468,101.7243864,57.66669491,59.15671956,70.10040392,78.08831556,85.5945291,92.08713535,59.62545108,64.34544109,66.8275954,74.3334041,80.61476515,85.97666465,臺北市,rcp85,95,IDF-CC_臺北市_暴雨改變率_rcp85_第95百分位.csv
121.45,25.15,50.84599714,70.79478163,96.19544402,109.4277262,119.7536794,130.980826,48.39055934,64.01430527,82.43839333,94.70029862,105.8643196,112.751296,53.36289701,59.68909811,73.36662855,83.13917532,91.57952864,98.98468787,58.36003882,57.16551062,67.27075916,75.2433665,82.44269371,88.71969425,59.590278,65.42150794,64.72734975,71.9369242,79.57416158,86.42218966,臺北市,rcp85,95,IDF-CC_臺北市_暴雨改變率_rcp85_第95百分位.csv
121.5,25.05,55.39851335,80.83401824,110.600031,131.0481162,149.3854189,165.9643545,55.07165511,69.75243308,83.12372615,90.21732516,96.3174895,102.2387976,57.49561835,66.10514601,76.1102697,83.87365928,91.43198233,98.11867129,62.72717458,68.27715956,81.22240237,89.65152419,96.73767477,102.803863,63.88183918,67.50477106,76.3273614,84.32822484,91.84103832,100.855162,臺北市,rcp85,95,IDF-CC_臺北市_暴雨改變率_rcp85_第95百分位.csv
121.5,25.1,51.57835204,73.18121349,103.8741452,117.845198,132.2327871,146.042967,51.17798681,64.80269081,83.71859282,94.21730643,101.3632092,107.8210636,56.27186108,60.61234381,71.94589011,79.36368306,86.37235918,92.8269536,61.30619864,62.45945487,72.23533138,78.81191308,84.87626264,90.19926468,62.04934578,66.01580981,67.58139274,73.17645423,79.11484089,85.48461024,臺北市,rcp85,95,IDF-CC_臺北市_暴雨改變率_rcp85_第95百分位.csv
121.5,25.15,47.73529594,65.37831306,84.33538593,95.78055298,105.615008,114.0921771,50.68684099,59.07929678,68.91034916,73.90367782,76.91402727,80.34540116,56.4699029,59.7050922,64.15257657,70.41377006,75.69069822,80.23472298,60.04913853,54.80956451,61.27392645,67.2961247,72.38303276,76.76958234,60.95076876,60.35553276,58.70013191,63.51687519,68.36739169,73.40832233,臺北市,rcp85,95,IDF-CC_臺北市_暴雨改變率_rcp85_第95百分位.csv
121.5,25.2,46.35975666,62.38367288,80.02079312,91.15673744,100.3967347,108.3116453,49.63382512,58.23752286,68.69752099,75.40793029,77.26451195,79.03786673,54.71090786,58.34245057,64.47744389,67.8295345,70.48096608,72.63842891,58.36912075,54.38191528,58.58031907,60.7762882,64.47020861,67.79959439,58.91053645,60.21850889,55.25869209,56.49329448,61.61228583,70.19058753,臺北市,rcp85,95,IDF-CC_臺北市_暴雨改變率_rcp85_第95百分位.csv
121.5,25.0,59.12344462,81.21168805,105.9965507,122.0911047,136.6656803,150.6180669,55.09530675,71.31791756,86.13206194,93.17895306,99.48682137,105.7331293,59.42129578,68.0745936,81.49288881,91.28850696,99.49508836,106.4941428,61.23122616,68.14622863,81.8595524,91.09213299,99.78343085,107.2403499,63.51284073,65.32869329,78.75504872,88.51245299,96.69344591,103.6749694,臺北市,rcp85,95,IDF-CC_臺北市_暴雨改變率_rcp85_第95百分位.csv
121.55,24.95,53.83970377,76.24589674,108.9487918,122.2973447,136.321498,148.7153627,56.98881531,70.93310264,87.37797121,95.09311028,101.1133648,106.0880712,58.83404939,67.87252477,78.98723344,86.42393972,92.68028095,98.04204965,60.11016445,66.79132877,76.66822059,83.35931659,88.97738595,94.56571116,62.6837162,62.82056153,71.51849769,79.52617253,86.28431241,96.01619154,臺北市,rcp85,95,IDF-CC_臺北市_暴雨改變率_rcp85_第95百分位.csv
121.55,25.05,52.53887317,74.11882343,101.9725525,119.9141926,137.1811092,152.8075486,55.86699658,68.31457354,79.19423521,84.90558759,89.47811807,93.87716019,57.99429738,65.59677086,73.53765981,78.80031908,83.76591781,88.67897768,63.19926463,67.83335284,77.43990278,83.94479396,90.14617203,95.43233747,66.49613247,65.2214638,74.40690701,81.98444733,88.46513932,97.68439041,臺北市,rcp85,95,IDF-CC_臺北市_暴雨改變率_rcp85_第95百分位.csv
121.55,25.1,49.6668192,71.41932447,95.84633568,108.9809915,122.4194698,134.7731417,53.92690495,65.09390305,74.95628322,79.56278408,83.21193035,86.51954208,55.86883416,63.83964307,68.63506862,73.13475814,77.2061234,81.68320922,62.06847816,65.27127975,69.72344607,74.98286662,80.4718356,85.20793528,66.82789824,65.06162329,66.89425642,73.40785019,79.88179359,86.81338054,臺北市,rcp85,95,IDF-CC_臺北市_暴雨改變率_rcp85_第95百分位.csv
121.55,25.15,46.69522109,59.79528337,75.75927597,85.60768902,94.32842778,101.9736944,48.13402769,54.78652888,62.47668424,63.41989839,64.75694413,66.86706284,54.7546725,56.28463916,61.70184642,64.60784219,66.88131678,70.94740012,54.13361955,51.78645265,56.80076488,59.57182838,65.21933515,72.02321754,58.97389069,53.94990102,53.69676229,57.08722891,67.62604384,78.02109444,臺北市,rcp85,95,IDF-CC_臺北市_暴雨改變率_rcp85_第95百分位.csv
121.55,25.2,44.29422535,55.60105642,68.51995339,84.65227466,101.8359349,114.8574543,46.48871612,56.86679179,62.77214509,64.78257612,70.23657283,76.86308481,51.89441552,57.05617017,63.33454126,66.7383443,69.41257867,71.57476723,52.96300137,54.97064109,57.51672796,59.15182125,60.76155816,65.66447092,59.47460008,57.35217574,56.62793692,59.78069525,63.41232818,70.11914318,臺北市,rcp85,95,IDF-CC_臺北市_暴雨改變率_rcp85_第95百分位.csv
121.55,25.0,57.26647684,77.2938761,101.345057,119.6930762,135.5570142,150.0752998,54.22252063,70.2392444,83.91052041,89.82001944,95.29494241,99.89850931,58.87020313,67.57415182,79.8163873,87.2812404,94.69349533,101.0241509,60.55964361,66.86825277,79.03597292,86.98811903,94.26291693,100.8767862,63.49120928,64.8140793,77.48758393,86.80469804,94.62740796,101.3139416,臺北市,rcp85,95,IDF-CC_臺北市_暴雨改變率_rcp85_第95百分位.csv
121.6,24.95,51.31035679,75.09452702,102.9288996,114.1667869,126.7411546,137.8350033,56.2361452,70.43832658,85.17875694,92.43979779,97.76230876,102.1407213,58.89733034,67.01771079,77.78102703,84.02337775,89.16516399,94.06153235,59.05108363,65.91624282,73.95428334,78.48953355,83.64108256,89.67362757,61.27934226,61.06863931,69.03639257,77.3383126,84.36873337,91.65036429,臺北市,rcp85,95,IDF-CC_臺北市_暴雨改變率_rcp85_第95百分位.csv
121.6,25.05,51.42911512,70.03234083,88.71973491,102.9551326,115.2061837,125.7310959,52.18979643,64.54958745,73.45397399,76.78883458,79.43636063,81.48965047,55.55032014,64.3074018,71.52171944,76.81769144,82.04529787,86.4312395,57.15889139,61.05395673,67.69801286,74.25463229,79.97504504,84.86080103,61.58377555,59.4446959,67.96516614,74.90799771,80.70296725,86.46940707,臺北市,rcp85,95,IDF-CC_臺北市_暴雨改變率_rcp85_第95百分位.csv
121.6,25.1,49.08030094,65.69509765,84.62361682,97.51208807,108.3201578,117.4983432,50.53661098,60.12032292,69.02494992,72.22933605,75.26085849,76.92318937,55.63819148,62.22547643,66.49047842,71.35422001,76.17846747,80.25583779,54.66227227,56.40954987,62.58885667,68.07998185,73.44167415,78.11234895,60.06671147,57.56189665,62.02887936,68.32859717,76.12454822,85.51878668,臺北市,rcp85,95,IDF-CC_臺北市_暴雨改變率_rcp85_第95百分位.csv
121.6,25.15,46.70985262,56.57757198,68.84809217,82.08105538,98.01462379,112.4362978,47.17943374,53.97237476,60.48429099,60.85675794,61.3568436,67.1853216,51.69871346,55.77282374,61.20183714,64.04384398,66.22831178,67.96361546,50.64340625,52.01195682,54.84200838,56.68120583,60.43563292,67.89705224,55.42114682,52.80744496,51.85747858,55.79867367,66.22815991,76.63392585,臺北市,rcp85,95,IDF-CC_臺北市_暴雨改變率_rcp85_第95百分位.csv
121.6,25.2,45.13521798,56.39470183,72.20926021,85.92627899,100.0368287,113.9805113,46.38991664,57.13473114,58.67677601,61.05146846,66.68494695,75.07613931,52.80140437,56.31060648,63.84573685,67.98944453,71.29724417,74.01791822,54.06157536,57.70725188,61.730371,63.64294337,66.48770428,68.86110778,58.93835833,58.41481365,61.18361057,64.68530316,67.6683473,70.17211908,臺北市,rcp85,95,IDF-CC_臺北市_暴雨改變率_rcp85_第95百分位.csv
121.6,25.0,52.93401852,73.62711594,96.27448125,109.7928307,123.7094811,136.0085847,54.73253471,67.96027194,80.54515339,84.96919202,88.37477448,91.4799211,57.70418452,66.83555161,77.0896723,83.02202171,89.49772347,95.00124206,58.14713133,64.41921116,72.70678942,80.55743054,87.38155729,93.24548107,61.61304402,61.05053609,72.97073572,81.31391166,88.3448219,95.17280411,臺北市,rcp85,95,IDF-CC_臺北市_暴雨改變率_rcp85_第95百分位.csv
121.65,25.05,50.16257215,64.16143803,80.15018318,97.60617304,108.7470619,118.4706631,48.76547962,57.61986083,65.63304652,69.95243419,77.25624543,78.94173375,54.84706181,59.73007141,65.85236627,72.27307653,79.00410468,85.81633297,51.43622799,54.28034419,64.27768735,70.53461949,75.77191372,80.24989624,57.4917885,56.94635527,62.32190681,68.42764197,74.0194485,81.19374156,臺北市,rcp85,95,IDF-CC_臺北市_暴雨改變率_rcp85_第95百分位.csv
121.65,25.1,48.44835406,59.82828051,75.71854442,86.49010691,96.93415714,111.1450048,47.7395571,55.19886605,64.32006827,69.94823628,75.76992239,80.17070071,51.84627717,57.66834233,64.43274192,68.06721921,74.44253757,80.67056228,48.69868335,52.59794846,57.54399523,62.19003811,66.01062232,69.23698168,55.57545514,54.64833073,55.40809961,60.27070745,65.80855336,74.10976225,臺北市,rcp85,95,IDF-CC_臺北市_暴雨改變率_rcp85_第95百分位.csv
121.65,25.0,51.02007906,68.39057255,91.22692464,99.93298519,111.6927659,123.1670898,50.73256333,62.06889274,72.81248725,78.97063342,84.00515428,88.02665546,56.91064486,62.81519737,70.86264752,78.64579967,85.22755733,90.89703942,54.09138759,58.45730146,68.16216173,75.4809645,81.6939801,87.06724028,56.78384873,57.59787703,67.11881006,75.25810684,82.23588116,88.3166455,臺北市,rcp85,95,IDF-CC_臺北市_暴雨改變率_rcp85_第95百分位.csv
